flight_id,airline,source,destination,departure_time,arrival_time,flight_id_raw,duration_raw,flight_id_valid_flag,arrival_time_adjusted,overnight_flag,duration_minutes,duration_anomaly_flag,departure_date,route
SJ010,SpiceJet,CCU,MAA,2026-04-20 23:38:41.701,2026-04-21 02:32:41.701,SJ010,,True,2026-04-21 02:32:41.701,True,174.0,False,2026-04-20,CCU → MAA
AI155,Air India,BOM,CCU,2026-04-20 23:35:41.703,2026-04-21 01:23:41.703,AI155,,True,2026-04-21 01:23:41.703,True,108.0,False,2026-04-20,BOM → CCU
UK094,Vistara,BOM,CCU,2026-04-20 23:26:41.702,2026-04-21 01:11:41.702,UK094,,True,2026-04-21 01:11:41.702,True,105.0,False,2026-04-20,BOM → CCU
AI245,Air India,BOM,CCU,2026-04-20 23:07:41.704,2026-04-21 01:43:41.704,AI245,,True,2026-04-21 01:43:41.704,True,156.0,False,2026-04-20,BOM → CCU
AI192,Air India,MAA,BOM,2026-04-20 23:05:41.703,2026-04-21 04:04:41.703,AI192,,True,2026-04-21 04:04:41.703,True,299.0,False,2026-04-20,MAA → BOM
SJ158,SpiceJet,DEL,HYD,2026-04-20 23:05:41.703,2026-04-21 01:24:41.703,SJ158,,True,2026-04-21 01:24:41.703,True,139.0,False,2026-04-20,DEL → HYD
AI080,Air India,BOM,HYD,2026-04-20 23:03:41.702,2026-04-21 00:35:41.702,AI080,,True,2026-04-21 00:35:41.702,True,92.0,False,2026-04-20,BOM → HYD
AI137,Air India,BOM,DEL,2026-04-20 22:49:41.702,2026-04-21 01:17:41.702,AI137,,True,2026-04-21 01:17:41.702,True,148.0,False,2026-04-20,BOM → DEL
UK167,Vistara,DEL,MAA,2026-04-20 22:45:41.703,2026-04-21 01:46:41.703,UK167,,True,2026-04-21 01:46:41.703,True,181.0,False,2026-04-20,DEL → MAA
UK027,Vistara,BOM,CCU,2026-04-20 22:44:41.701,2026-04-21 01:05:41.701,UK027,,True,2026-04-21 01:05:41.701,True,141.0,False,2026-04-20,BOM → CCU
AI069,Unknown,DEL,BOM,2026-04-20 22:43:41.702,2026-04-21 02:29:41.702,AI069,,True,2026-04-21 02:29:41.702,True,226.0,False,2026-04-20,DEL → BOM
AI058,Air India,BOM,CCU,2026-04-20 22:40:41.701,2026-04-21 00:18:41.701,AI058,,True,2026-04-21 00:18:41.701,True,98.0,False,2026-04-20,BOM → CCU
AI140,Air India,BOM,DEL,2026-04-20 22:25:41.702,2026-04-21 02:08:41.702,AI140,,True,2026-04-21 02:08:41.702,True,223.0,False,2026-04-20,BOM → DEL
SJ239,SpiceJet,BOM,CCU,2026-04-20 22:24:41.704,2026-04-21 00:10:41.704,SJ239,,True,2026-04-21 00:10:41.704,True,106.0,False,2026-04-20,BOM → CCU
AI048,Air India,CCU,DEL,2026-04-20 22:23:41.701,2026-04-21 02:15:41.701,AI048,,True,2026-04-21 02:15:41.701,True,232.0,False,2026-04-20,CCU → DEL
SJ112,SpiceJet,HYD,DEL,2026-04-20 22:20:41.702,2026-04-21 00:40:41.702,SJ112,,True,2026-04-21 00:40:41.702,True,140.0,False,2026-04-20,HYD → DEL
UK021,Vistara,HYD,MAA,2026-04-20 22:00:41.701,2026-04-20 23:50:41.701,UK021,,True,2026-04-20 23:50:41.701,False,110.0,False,2026-04-20,HYD → MAA
SJ172,SpiceJet,CCU,DEL,2026-04-20 21:58:41.703,2026-04-21 01:14:41.703,SJ172,,True,2026-04-21 01:14:41.703,True,196.0,False,2026-04-20,CCU → DEL
AI060,Air India,DEL,HYD,2026-04-20 21:58:41.701,2026-04-20 23:51:41.701,AI060,,True,2026-04-20 23:51:41.701,False,113.0,False,2026-04-20,DEL → HYD
SJ205,SpiceJet,HYD,CCU,2026-04-20 21:56:41.703,2026-04-20 23:00:41.703,SJ205,,True,2026-04-20 23:00:41.703,False,64.0,False,2026-04-20,HYD → CCU
SJ093,SpiceJet,BLR,BOM,2026-04-20 21:55:41.702,2026-04-20 23:01:41.702,SJ093,,True,2026-04-20 23:01:41.702,False,66.0,False,2026-04-20,BLR → BOM
UK003,Unknown,HYD,DEL,2026-04-20 21:41:41.700,2026-04-21 02:19:41.700,UK003,,True,2026-04-21 02:19:41.700,True,278.0,False,2026-04-20,HYD → DEL
UK026,Vistara,HYD,MAA,2026-04-20 21:38:41.701,2026-04-20 23:44:41.701,UK026,,True,2026-04-20 23:44:41.701,False,126.0,False,2026-04-20,HYD → MAA
UK067,Vistara,BOM,CCU,2026-04-20 21:36:41.701,2026-04-21 01:02:41.701,UK067,,True,2026-04-21 01:02:41.701,True,206.0,False,2026-04-20,BOM → CCU
SJ149,SpiceJet,HYD,MAA,2026-04-20 21:20:41.702,2026-04-20 23:20:42.000,SJ149,,True,2026-04-20 23:20:42.000,False,120.00496666666666,False,2026-04-20,HYD → MAA
UK200,Vistara,CCU,DEL,2026-04-20 20:54:41.703,2026-04-20 22:45:41.703,UK200,,True,2026-04-20 22:45:41.703,False,111.0,False,2026-04-20,CCU → DEL
SJ214,SpiceJet,BOM,MAA,2026-04-20 20:54:41.703,2026-04-20 22:10:41.703,SJ214,,True,2026-04-20 22:10:41.703,False,76.0,False,2026-04-20,BOM → MAA
SJ047,SpiceJet,HYD,BOM,2026-04-20 20:44:41.701,2026-04-20 21:21:41.701,SJ047,,True,2026-04-20 21:21:41.701,False,37.0,False,2026-04-20,HYD → BOM
AI179,Air India,HYD,BOM,2026-04-20 20:41:41.703,2026-04-21 01:19:41.703,AI179,,True,2026-04-21 01:19:41.703,True,278.0,False,2026-04-20,HYD → BOM
SJ153,SpiceJet,DEL,CCU,2026-04-20 20:37:41.702,2026-04-20 22:00:41.702,SJ153,,True,2026-04-20 22:00:41.702,False,83.0,False,2026-04-20,DEL → CCU
UK059,Vistara,HYD,MAA,2026-04-20 20:33:41.701,2026-04-20 22:10:41.701,UK059,,True,2026-04-20 22:10:41.701,False,97.0,False,2026-04-20,HYD → MAA
SJ001,SpiceJet,BOM,MAA,2026-04-20 20:28:41.700,2026-04-21 01:15:41.700,SJ001,,True,2026-04-21 01:15:41.700,True,287.0,False,2026-04-20,BOM → MAA
SJ049,SpiceJet,CCU,DEL,2026-04-20 20:26:41.701,2026-04-21 00:26:41.701,SJ049,,True,2026-04-21 00:26:41.701,True,240.0,False,2026-04-20,CCU → DEL
AI220,Air India,BOM,DEL,2026-04-20 20:19:41.703,2026-04-20 21:57:41.703,AI220,,True,2026-04-20 21:57:41.703,False,98.0,False,2026-04-20,BOM → DEL
AI188,Air India,CCU,HYD,2026-04-20 20:16:41.703,2026-04-20 23:02:41.703,AI188,,True,2026-04-20 23:02:41.703,False,166.0,False,2026-04-20,CCU → HYD
SJ179,SpiceJet,DEL,HYD,2026-04-20 20:09:41.703,2026-04-20 23:39:41.703,SJ179,,True,2026-04-20 23:39:41.703,False,210.0,False,2026-04-20,DEL → HYD
SJ003,SpiceJet,MAA,CCU,2026-04-20 19:50:41.701,2026-04-20 20:32:41.701,SJ003,,True,2026-04-20 20:32:41.701,False,42.0,False,2026-04-20,MAA → CCU
UK036,Vistara,CCU,BLR,2026-04-20 19:48:41.701,2026-04-21 00:12:41.701,UK036,,True,2026-04-21 00:12:41.701,True,264.0,False,2026-04-20,CCU → BLR
SJ160,SpiceJet,MAA,BLR,2026-04-20 19:45:41.703,2026-04-20 20:30:41.703,SJ160,,True,2026-04-20 20:30:41.703,False,45.0,False,2026-04-20,MAA → BLR
UK140,Vistara,MAA,BLR,2026-04-20 19:37:41.703,2026-04-20 21:00:41.703,UK140,,True,2026-04-20 21:00:41.703,False,83.0,False,2026-04-20,MAA → BLR
AI115,Air India,MAA,BLR,2026-04-20 19:37:41.702,2026-04-21 00:26:41.702,AI115,,True,2026-04-21 00:26:41.702,True,289.0,False,2026-04-20,MAA → BLR
AI132,Air India,BLR,BOM,2026-04-20 19:32:41.702,2026-04-20 21:41:41.702,AI132,,True,2026-04-20 21:41:41.702,False,129.0,False,2026-04-20,BLR → BOM
UK209,Unknown,MAA,BLR,2026-04-20 19:02:41.704,2026-04-20 21:47:41.704,UK209,,True,2026-04-20 21:47:41.704,False,165.0,False,2026-04-20,MAA → BLR
SJ043,Unknown,MAA,DEL,2026-04-20 18:59:41.701,2026-04-20 21:08:41.701,SJ043,,True,2026-04-20 21:08:41.701,False,129.0,False,2026-04-20,MAA → DEL
UK176,Vistara,HYD,BLR,2026-04-20 18:41:41.703,2026-04-20 22:49:41.703,UK176,,True,2026-04-20 22:49:41.703,False,248.0,False,2026-04-20,HYD → BLR
UK216,Vistara,MAA,HYD,2026-04-20 18:33:41.704,2026-04-20 21:47:41.704,UK216,,True,2026-04-20 21:47:41.704,False,194.0,False,2026-04-20,MAA → HYD
UK150,Vistara,DEL,CCU,2026-04-20 18:31:41.703,2026-04-20 19:01:41.703,UK150,,True,2026-04-20 19:01:41.703,False,30.0,False,2026-04-20,DEL → CCU
UK145,Vistara,BOM,HYD,2026-04-20 18:30:41.703,2026-04-20 20:41:41.703,UK145,,True,2026-04-20 20:41:41.703,False,131.0,False,2026-04-20,BOM → HYD
SJ236,SpiceJet,MAA,BOM,2026-04-20 18:03:41.704,2026-04-20 22:02:41.704,SJ236,,True,2026-04-20 22:02:41.704,False,239.0,False,2026-04-20,MAA → BOM
UK004,Vistara,BOM,CCU,2026-04-20 17:56:41.700,2026-04-20 18:30:41.700,UK004,,True,2026-04-20 18:30:41.700,False,34.0,False,2026-04-20,BOM → CCU
UK010,Vistara,MAA,HYD,2026-04-20 17:53:41.701,2026-04-20 20:40:41.701,UK010,,True,2026-04-20 20:40:41.701,False,167.0,False,2026-04-20,MAA → HYD
UK215,Vistara,BOM,DEL,2026-04-20 17:38:41.704,2026-04-20 19:50:41.704,UK215,,True,2026-04-20 19:50:41.704,False,132.0,False,2026-04-20,BOM → DEL
SJ116,SpiceJet,HYD,CCU,2026-04-20 17:33:41.702,2026-04-20 19:02:41.702,SJ116,,True,2026-04-20 19:02:41.702,False,89.0,False,2026-04-20,HYD → CCU
SJ023,SpiceJet,HYD,MAA,2026-04-20 17:27:41.701,2026-04-20 19:09:41.701,SJ023,,True,2026-04-20 19:09:41.701,False,102.0,False,2026-04-20,HYD → MAA
UK152,Vistara,BOM,CCU,2026-04-20 17:24:41.703,2026-04-20 20:13:41.703,UK152,,True,2026-04-20 20:13:41.703,False,169.0,False,2026-04-20,BOM → CCU
SJ202,SpiceJet,CCU,HYD,2026-04-20 17:21:41.703,2026-04-20 19:08:41.703,SJ202,,True,2026-04-20 19:08:41.703,False,107.0,False,2026-04-20,CCU → HYD
UK173,Vistara,MAA,BLR,2026-04-20 17:06:41.703,2026-04-20 21:22:41.703,UK173,,True,2026-04-20 21:22:41.703,False,256.0,False,2026-04-20,MAA → BLR
SJ081,SpiceJet,BOM,BLR,2026-04-20 17:04:41.702,2026-04-20 18:53:41.702,SJ081,,True,2026-04-20 18:53:41.702,False,109.0,False,2026-04-20,BOM → BLR
UK153,Vistara,CCU,HYD,2026-04-20 16:52:41.703,2026-04-20 20:53:41.703,UK153,,True,2026-04-20 20:53:41.703,False,241.0,False,2026-04-20,CCU → HYD
UK187,Vistara,BLR,BOM,2026-04-20 16:52:41.703,2026-04-20 18:42:41.703,UK187,,True,2026-04-20 18:42:41.703,False,110.0,False,2026-04-20,BLR → BOM
UK055,Vistara,HYD,DEL,2026-04-20 16:48:41.701,2026-04-20 19:31:41.701,UK055,,True,2026-04-20 19:31:41.701,False,163.0,False,2026-04-20,HYD → DEL
UK181,Vistara,MAA,DEL,2026-04-20 16:44:41.703,2026-04-20 19:26:41.703,UK181,,True,2026-04-20 19:26:41.703,False,162.0,False,2026-04-20,MAA → DEL
UK074,Vistara,BOM,DEL,2026-04-20 16:44:41.702,2026-04-20 18:41:41.702,UK074,,True,2026-04-20 18:41:41.702,False,117.0,False,2026-04-20,BOM → DEL
SJ068,SpiceJet,BLR,BOM,2026-04-20 16:44:41.701,2026-04-20 18:48:41.701,SJ068,,True,2026-04-20 18:48:41.701,False,124.0,False,2026-04-20,BLR → BOM
AI242,Unknown,BLR,CCU,2026-04-20 16:41:41.704,2026-04-20 17:43:41.704,AI242,,True,2026-04-20 17:43:41.704,False,62.0,False,2026-04-20,BLR → CCU
AI242,Unknown,BLR,CCU,2026-04-20 16:41:41.704,2026-04-20 17:43:41.704,AI242,,True,2026-04-20 17:43:41.704,False,62.0,False,2026-04-20,BLR → CCU
SJ237,SpiceJet,BOM,CCU,2026-04-20 16:32:41.704,2026-04-20 19:00:41.704,SJ237,,True,2026-04-20 19:00:41.704,False,148.0,False,2026-04-20,BOM → CCU
UK063,Vistara,DEL,BOM,2026-04-20 16:29:41.701,2026-04-20 17:41:41.701,UK063,,True,2026-04-20 17:41:41.701,False,72.0,False,2026-04-20,DEL → BOM
UK068,Vistara,BLR,MAA,2026-04-20 16:28:41.701,2026-04-20 18:09:41.701,UK068,,True,2026-04-20 18:09:41.701,False,101.0,False,2026-04-20,BLR → MAA
UK224,Unknown,CCU,MAA,2026-04-20 16:25:41.704,2026-04-20 20:24:41.704,UK224,,True,2026-04-20 20:24:41.704,False,239.0,False,2026-04-20,CCU → MAA
UK077,Unknown,HYD,BOM,2026-04-20 16:22:41.702,2026-04-20 18:00:41.702,UK077,,True,2026-04-20 18:00:41.702,False,98.0,False,2026-04-20,HYD → BOM
UK207,Vistara,MAA,CCU,2026-04-20 16:21:41.703,2026-04-20 17:36:41.703,UK207,,True,2026-04-20 17:36:41.703,False,75.0,False,2026-04-20,MAA → CCU
AI221,Air India,MAA,HYD,2026-04-20 16:18:41.703,2026-04-20 18:54:41.703,AI221,,True,2026-04-20 18:54:41.703,False,156.0,False,2026-04-20,MAA → HYD
UK109,Vistara,BLR,BOM,2026-04-20 16:06:41.702,2026-04-20 17:06:42.000,UK109,,True,2026-04-20 17:06:42.000,False,60.00496666666666,False,2026-04-20,BLR → BOM
UK089,Vistara,BOM,HYD,2026-04-20 15:38:41.702,2026-04-20 19:50:41.702,UK089,,True,2026-04-20 19:50:41.702,False,252.0,False,2026-04-20,BOM → HYD
AI072,Air India,BLR,CCU,2026-04-20 15:34:41.702,2026-04-20 16:32:41.702,AI072,,True,2026-04-20 16:32:41.702,False,58.0,False,2026-04-20,BLR → CCU
UK131,Vistara,BOM,DEL,2026-04-20 15:33:41.702,2026-04-20 19:39:41.702,UK131,,True,2026-04-20 19:39:41.702,False,246.0,False,2026-04-20,BOM → DEL
SJ150,SpiceJet,BOM,HYD,2026-04-20 15:33:41.702,2026-04-20 19:03:41.702,SJ150,,True,2026-04-20 19:03:41.702,False,210.0,False,2026-04-20,BOM → HYD
SJ034,SpiceJet,MAA,BOM,2026-04-20 15:20:41.701,2026-04-20 20:11:41.701,SJ034,,True,2026-04-20 20:11:41.701,False,291.0,False,2026-04-20,MAA → BOM
SJ142,SpiceJet,CCU,BOM,2026-04-20 15:14:41.702,2026-04-20 16:56:41.702,SJ142,,True,2026-04-20 16:56:41.702,False,102.0,False,2026-04-20,CCU → BOM
SJ142,SpiceJet,CCU,BOM,2026-04-20 15:14:41.702,2026-04-20 16:56:41.702,SJ142,,True,2026-04-20 16:56:41.702,False,102.0,False,2026-04-20,CCU → BOM
UK189,Vistara,BLR,MAA,2026-04-20 15:07:41.703,2026-04-20 18:51:41.703,UK189,,True,2026-04-20 18:51:41.703,False,224.0,False,2026-04-20,BLR → MAA
SJ044,SpiceJet,DEL,CCU,2026-04-20 15:06:41.701,2026-04-20 17:43:41.701,SJ044,,True,2026-04-20 17:43:41.701,False,157.0,False,2026-04-20,DEL → CCU
SJ196,SpiceJet,DEL,HYD,2026-04-20 14:58:41.703,2026-04-20 17:44:41.703,SJ196,,True,2026-04-20 17:44:41.703,False,166.0,False,2026-04-20,DEL → HYD
SJ154,SpiceJet,BLR,HYD,2026-04-20 14:47:41.702,2026-04-20 16:26:41.702,SJ154,,True,2026-04-20 16:26:41.702,False,99.0,False,2026-04-20,BLR → HYD
AI025,Air India,HYD,DEL,2026-04-20 14:46:41.701,2026-04-20 17:11:41.701,AI025,,True,2026-04-20 17:11:41.701,False,145.0,False,2026-04-20,HYD → DEL
AI094,Air India,DEL,BLR,2026-04-20 14:44:41.702,2026-04-20 15:44:42.000,AI094,,True,2026-04-20 15:44:42.000,False,60.00496666666666,False,2026-04-20,DEL → BLR
SJ085,SpiceJet,BLR,MAA,2026-04-20 14:41:41.702,2026-04-20 19:11:41.702,SJ085,,True,2026-04-20 19:11:41.702,False,270.0,False,2026-04-20,BLR → MAA
SJ185,SpiceJet,BOM,CCU,2026-04-20 14:21:41.703,2026-04-20 15:21:41.703,SJ185,,True,2026-04-20 15:21:41.703,False,60.0,False,2026-04-20,BOM → CCU
SJ222,SpiceJet,BOM,DEL,2026-04-20 14:15:41.703,2026-04-20 17:09:41.703,SJ222,,True,2026-04-20 17:09:41.703,False,174.0,False,2026-04-20,BOM → DEL
UK083,Vistara,DEL,HYD,2026-04-20 14:10:41.702,2026-04-20 14:59:41.702,UK083,,True,2026-04-20 14:59:41.702,False,49.0,False,2026-04-20,DEL → HYD
SJ088,SpiceJet,CCU,MAA,2026-04-20 13:54:41.702,2026-04-20 14:26:41.702,SJ088,,True,2026-04-20 14:26:41.702,False,32.0,False,2026-04-20,CCU → MAA
AI077,Air India,CCU,HYD,2026-04-20 13:45:41.702,2026-04-20 14:51:41.702,AI077,,True,2026-04-20 14:51:41.702,False,66.0,False,2026-04-20,CCU → HYD
UK134,Vistara,HYD,CCU,2026-04-20 13:44:41.702,2026-04-20 17:26:41.702,UK134,,True,2026-04-20 17:26:41.702,False,222.0,False,2026-04-20,HYD → CCU
AI056,Air India,DEL,MAA,2026-04-20 13:44:41.701,2026-04-20 17:39:41.701,AI056,,True,2026-04-20 17:39:41.701,False,235.0,False,2026-04-20,DEL → MAA
UK141,Unknown,HYD,MAA,2026-04-20 13:38:41.703,2026-04-20 15:59:41.703,UK141,,True,2026-04-20 15:59:41.703,False,141.0,False,2026-04-20,HYD → MAA
AI030,Air India,CCU,HYD,2026-04-20 13:33:41.701,2026-04-20 16:52:41.701,AI030,,True,2026-04-20 16:52:41.701,False,199.0,False,2026-04-20,CCU → HYD
AI029,Air India,MAA,DEL,2026-04-20 13:29:41.701,2026-04-20 17:53:41.701,AI029,,True,2026-04-20 17:53:41.701,False,264.0,False,2026-04-20,MAA → DEL
SJ167,SpiceJet,MAA,CCU,2026-04-20 13:18:41.703,2026-04-20 14:12:41.703,SJ167,,True,2026-04-20 14:12:41.703,False,54.0,False,2026-04-20,MAA → CCU
UK017,Vistara,BLR,HYD,2026-04-20 13:14:41.701,2026-04-20 14:49:41.701,UK017,,True,2026-04-20 14:49:41.701,False,95.0,False,2026-04-20,BLR → HYD
SJ117,SpiceJet,MAA,BLR,2026-04-20 13:10:41.702,2026-04-20 17:06:41.702,SJ117,,True,2026-04-20 17:06:41.702,False,236.0,False,2026-04-20,MAA → BLR
AI031,Air India,DEL,MAA,2026-04-20 13:05:41.701,2026-04-20 16:11:41.701,AI031,,True,2026-04-20 16:11:41.701,False,186.0,False,2026-04-20,DEL → MAA
AI031,Air India,DEL,MAA,2026-04-20 13:05:41.701,2026-04-20 16:11:41.701,AI031,,True,2026-04-20 16:11:41.701,False,186.0,False,2026-04-20,DEL → MAA
AI178,Air India,CCU,BLR,2026-04-20 13:04:41.703,2026-04-20 14:03:41.703,AI178,,True,2026-04-20 14:03:41.703,False,59.0,False,2026-04-20,CCU → BLR
SJ089,SpiceJet,HYD,CCU,2026-04-20 12:42:41.702,2026-04-20 17:15:41.702,SJ089,,True,2026-04-20 17:15:41.702,False,273.0,False,2026-04-20,HYD → CCU
UK166,Vistara,HYD,MAA,2026-04-20 12:39:41.703,2026-04-20 17:32:41.703,UK166,,True,2026-04-20 17:32:41.703,False,293.0,False,2026-04-20,HYD → MAA
UK104,Vistara,DEL,BOM,2026-04-20 12:30:41.702,2026-04-20 13:52:41.702,UK104,,True,2026-04-20 13:52:41.702,False,82.0,False,2026-04-20,DEL → BOM
AI222,Unknown,BOM,DEL,2026-04-20 12:10:41.703,2026-04-20 13:14:41.703,AI222,,True,2026-04-20 13:14:41.703,False,64.0,False,2026-04-20,BOM → DEL
SJ025,SpiceJet,BOM,CCU,2026-04-20 12:02:41.701,2026-04-20 15:29:41.701,SJ025,,True,2026-04-20 15:29:41.701,False,207.0,False,2026-04-20,BOM → CCU
UK228,Vistara,DEL,MAA,2026-04-20 11:58:41.704,2026-04-20 15:08:41.704,UK228,,True,2026-04-20 15:08:41.704,False,190.0,False,2026-04-20,DEL → MAA
SJ218,SpiceJet,DEL,HYD,2026-04-20 11:58:41.703,2026-04-20 15:03:41.703,SJ218,,True,2026-04-20 15:03:41.703,False,185.0,False,2026-04-20,DEL → HYD
UK156,Vistara,MAA,BLR,2026-04-20 11:50:41.703,2026-04-20 15:54:41.703,UK156,,True,2026-04-20 15:54:41.703,False,244.0,False,2026-04-20,MAA → BLR
SJ074,SpiceJet,DEL,CCU,2026-04-20 11:21:41.701,2026-04-20 12:02:41.701,SJ074,,True,2026-04-20 12:02:41.701,False,41.0,False,2026-04-20,DEL → CCU
AI038,Air India,HYD,MAA,2026-04-20 11:05:41.701,2026-04-20 15:44:41.701,AI038,,True,2026-04-20 15:44:41.701,False,279.0,False,2026-04-20,HYD → MAA
AI079,Air India,CCU,BLR,2026-04-20 11:04:41.702,2026-04-20 13:19:41.702,AI079,,True,2026-04-20 13:19:41.702,False,135.0,False,2026-04-20,CCU → BLR
SJ018,SpiceJet,BOM,CCU,2026-04-20 10:58:41.701,2026-04-20 13:31:41.701,SJ018,,True,2026-04-20 13:31:41.701,False,153.0,False,2026-04-20,BOM → CCU
AI091,Air India,CCU,MAA,2026-04-20 10:52:41.702,2026-04-20 15:15:41.702,AI091,,True,2026-04-20 15:15:41.702,False,263.0,False,2026-04-20,CCU → MAA
UK071,Vistara,DEL,HYD,2026-04-20 10:50:41.701,2026-04-20 14:06:41.701,UK071,,True,2026-04-20 14:06:41.701,False,196.0,False,2026-04-20,DEL → HYD
AI019,Air India,BOM,CCU,2026-04-20 10:49:41.701,2026-04-20 11:51:41.701,AI019,,True,2026-04-20 11:51:41.701,False,62.0,False,2026-04-20,BOM → CCU
UK212,Vistara,HYD,MAA,2026-04-20 10:46:41.704,2026-04-20 11:31:41.704,UK212,,True,2026-04-20 11:31:41.704,False,45.0,False,2026-04-20,HYD → MAA
AI146,Air India,BLR,DEL,2026-04-20 10:40:41.702,2026-04-20 13:46:41.702,AI146,,True,2026-04-20 13:46:41.702,False,186.0,False,2026-04-20,BLR → DEL
AI129,Air India,BOM,CCU,2026-04-20 10:29:41.702,2026-04-20 13:38:41.702,AI129,,True,2026-04-20 13:38:41.702,False,189.0,False,2026-04-20,BOM → CCU
AI240,Air India,MAA,DEL,2026-04-20 10:19:41.704,2026-04-20 12:46:41.704,AI240,,True,2026-04-20 12:46:41.704,False,147.0,False,2026-04-20,MAA → DEL
UK133,Vistara,BOM,DEL,2026-04-20 10:04:41.702,2026-04-20 13:16:41.702,UK133,,True,2026-04-20 13:16:41.702,False,192.0,False,2026-04-20,BOM → DEL
SJ007,SpiceJet,BOM,CCU,2026-04-20 10:03:41.701,2026-04-20 14:53:41.701,SJ007,,True,2026-04-20 14:53:41.701,False,290.0,False,2026-04-20,BOM → CCU
SJ141,SpiceJet,CCU,DEL,2026-04-20 10:00:41.702,2026-04-20 13:37:41.702,SJ141,,True,2026-04-20 13:37:41.702,False,217.0,False,2026-04-20,CCU → DEL
SJ235,SpiceJet,BOM,DEL,2026-04-20 09:57:41.704,2026-04-20 13:45:41.704,SJ235,,True,2026-04-20 13:45:41.704,False,228.0,False,2026-04-20,BOM → DEL
UK087,Vistara,HYD,MAA,2026-04-20 09:49:41.702,2026-04-20 13:17:41.702,UK087,,True,2026-04-20 13:17:41.702,False,208.0,False,2026-04-20,HYD → MAA
UK170,Vistara,BOM,BLR,2026-04-20 09:42:41.703,2026-04-20 11:32:41.703,UK170,,True,2026-04-20 11:32:41.703,False,110.0,False,2026-04-20,BOM → BLR
SJ078,SpiceJet,DEL,HYD,2026-04-20 09:41:41.701,2026-04-20 12:49:41.701,SJ078,,True,2026-04-20 12:49:41.701,False,188.0,False,2026-04-20,DEL → HYD
SJ075,SpiceJet,MAA,BLR,2026-04-20 09:26:41.701,2026-04-20 11:03:41.701,SJ075,,True,2026-04-20 11:03:41.701,False,97.0,False,2026-04-20,MAA → BLR
AI159,Air India,HYD,BLR,2026-04-20 09:23:41.703,2026-04-20 11:36:41.703,AI159,,True,2026-04-20 11:36:41.703,False,133.0,False,2026-04-20,HYD → BLR
UK120,Vistara,HYD,DEL,2026-04-20 09:19:41.702,2026-04-20 13:30:41.702,UK120,,True,2026-04-20 13:30:41.702,False,251.0,False,2026-04-20,HYD → DEL
AI059,Air India,CCU,DEL,2026-04-20 09:16:41.701,2026-04-20 11:43:41.701,AI059,,True,2026-04-20 11:43:41.701,False,147.0,False,2026-04-20,CCU → DEL
UK040,Vistara,HYD,CCU,2026-04-20 09:15:41.701,2026-04-20 10:32:41.701,UK040,,True,2026-04-20 10:32:41.701,False,77.0,False,2026-04-20,HYD → CCU
AI044,Unknown,MAA,BLR,2026-04-20 09:03:41.701,2026-04-20 12:36:41.701,AI044,,True,2026-04-20 12:36:41.701,False,213.0,False,2026-04-20,MAA → BLR
AI078,Air India,DEL,BOM,2026-04-20 08:58:41.702,2026-04-20 13:28:41.702,AI078,,True,2026-04-20 13:28:41.702,False,270.0,False,2026-04-20,DEL → BOM
SJ226,SpiceJet,HYD,BOM,2026-04-20 08:47:41.704,2026-04-20 12:54:41.704,SJ226,,True,2026-04-20 12:54:41.704,False,247.0,False,2026-04-20,HYD → BOM
UK193,Vistara,HYD,DEL,2026-04-20 08:39:41.703,2026-04-20 09:14:41.703,UK193,,True,2026-04-20 09:14:41.703,False,35.0,False,2026-04-20,HYD → DEL
AI208,Air India,BLR,BOM,2026-04-20 08:38:41.703,2026-04-20 11:52:41.703,AI208,,True,2026-04-20 11:52:41.703,False,194.0,False,2026-04-20,BLR → BOM
SJ227,SpiceJet,BOM,CCU,2026-04-20 08:32:41.704,2026-04-20 12:53:41.704,SJ227,,True,2026-04-20 12:53:41.704,False,261.0,False,2026-04-20,BOM → CCU
AI084,Air India,BOM,HYD,2026-04-20 08:31:41.702,2026-04-20 09:46:41.702,AI084,,True,2026-04-20 09:46:41.702,False,75.0,False,2026-04-20,BOM → HYD
SJ228,SpiceJet,BOM,CCU,2026-04-20 08:29:41.704,2026-04-20 12:16:41.704,SJ228,,True,2026-04-20 12:16:41.704,False,227.0,False,2026-04-20,BOM → CCU
UK194,Vistara,CCU,BOM,2026-04-20 08:26:41.703,2026-04-20 09:26:42.000,UK194,,True,2026-04-20 09:26:42.000,False,60.00495,False,2026-04-20,CCU → BOM
SJ052,SpiceJet,MAA,BLR,2026-04-20 08:20:41.701,2026-04-20 09:57:41.701,SJ052,,True,2026-04-20 09:57:41.701,False,97.0,False,2026-04-20,MAA → BLR
AI233,Air India,BLR,BOM,2026-04-20 08:04:41.704,2026-04-20 09:52:41.704,AI233,,True,2026-04-20 09:52:41.704,False,108.0,False,2026-04-20,BLR → BOM
AI213,Air India,HYD,CCU,2026-04-20 08:03:41.703,2026-04-20 09:14:41.703,AI213,,True,2026-04-20 09:14:41.703,False,71.0,False,2026-04-20,HYD → CCU
UK076,Vistara,MAA,CCU,2026-04-20 08:03:41.702,2026-04-20 12:26:41.702,UK076,,True,2026-04-20 12:26:41.702,False,263.0,False,2026-04-20,MAA → CCU
SJ022,SpiceJet,DEL,BLR,2026-04-20 07:56:41.701,2026-04-20 11:07:41.701,SJ022,,True,2026-04-20 11:07:41.701,False,191.0,False,2026-04-20,DEL → BLR
SJ002,SpiceJet,DEL,BOM,2026-04-20 07:54:41.701,2026-04-20 12:40:41.701,SJ002,,True,2026-04-20 12:40:41.701,False,286.0,False,2026-04-20,DEL → BOM
AI163,Air India,HYD,MAA,2026-04-20 07:45:41.703,2026-04-20 08:46:41.703,AI163,,True,2026-04-20 08:46:41.703,False,61.0,False,2026-04-20,HYD → MAA
UK229,Unknown,HYD,DEL,2026-04-20 07:40:41.704,2026-04-20 11:57:41.704,UK229,,True,2026-04-20 11:57:41.704,False,257.0,False,2026-04-20,HYD → DEL
UK185,Vistara,DEL,MAA,2026-04-20 07:31:41.703,2026-04-20 08:48:41.703,UK185,,True,2026-04-20 08:48:41.703,False,77.0,False,2026-04-20,DEL → MAA
AI062,Air India,MAA,DEL,2026-04-20 06:49:41.701,2026-04-20 07:25:41.701,AI062,,True,2026-04-20 07:25:41.701,False,36.0,False,2026-04-20,MAA → DEL
UK034,Vistara,DEL,BLR,2026-04-20 06:47:41.701,2026-04-20 10:11:41.701,UK034,,True,2026-04-20 10:11:41.701,False,204.0,False,2026-04-20,DEL → BLR
UK079,Vistara,DEL,BLR,2026-04-20 06:43:41.702,2026-04-20 10:34:41.702,UK079,,True,2026-04-20 10:34:41.702,False,231.0,False,2026-04-20,DEL → BLR
AI135,Air India,BLR,BOM,2026-04-20 06:40:41.702,2026-04-20 09:21:41.702,AI135,,True,2026-04-20 09:21:41.702,False,161.0,False,2026-04-20,BLR → BOM
SJ061,SpiceJet,MAA,BLR,2026-04-20 06:38:41.701,2026-04-20 09:35:41.701,SJ061,,True,2026-04-20 09:35:41.701,False,177.0,False,2026-04-20,MAA → BLR
AI047,Unknown,CCU,MAA,2026-04-20 06:36:41.701,2026-04-20 07:23:41.701,AI047,,True,2026-04-20 07:23:41.701,False,47.0,False,2026-04-20,CCU → MAA
UK210,Vistara,DEL,CCU,2026-04-20 06:35:41.704,2026-04-20 07:30:41.704,UK210,,True,2026-04-20 07:30:41.704,False,55.0,False,2026-04-20,DEL → CCU
AI088,Unknown,MAA,DEL,2026-04-20 06:34:41.702,2026-04-20 10:10:41.702,AI088,,True,2026-04-20 10:10:41.702,False,216.0,False,2026-04-20,MAA → DEL
UK177,Vistara,DEL,HYD,2026-04-20 06:21:41.703,2026-04-20 10:50:41.703,UK177,,True,2026-04-20 10:50:41.703,False,269.0,False,2026-04-20,DEL → HYD
AI128,Unknown,BOM,CCU,2026-04-20 06:07:41.702,2026-04-20 10:03:41.702,AI128,,True,2026-04-20 10:03:41.702,False,236.0,False,2026-04-20,BOM → CCU
AI158,Air India,CCU,DEL,2026-04-20 06:04:41.703,2026-04-20 09:01:41.703,AI158,,True,2026-04-20 09:01:41.703,False,177.0,False,2026-04-20,CCU → DEL
UK206,Vistara,MAA,BLR,2026-04-20 06:01:41.703,2026-04-20 10:34:41.703,UK206,,True,2026-04-20 10:34:41.703,False,273.0,False,2026-04-20,MAA → BLR
SJ138,Unknown,BLR,BOM,2026-04-20 05:55:41.702,2026-04-20 06:43:41.702,SJ138,,True,2026-04-20 06:43:41.702,False,48.0,False,2026-04-20,BLR → BOM
AI034,Air India,DEL,BOM,2026-04-20 05:48:41.701,2026-04-20 10:31:41.701,AI034,,True,2026-04-20 10:31:41.701,False,283.0,False,2026-04-20,DEL → BOM
AI012,Air India,BOM,CCU,2026-04-20 05:44:41.701,2026-04-20 09:47:41.701,AI012,,True,2026-04-20 09:47:41.701,False,243.0,False,2026-04-20,BOM → CCU
SJ083,SpiceJet,MAA,BLR,2026-04-20 05:13:41.702,2026-04-20 08:17:41.702,SJ083,,True,2026-04-20 08:17:41.702,False,184.0,False,2026-04-20,MAA → BLR
SJ186,SpiceJet,CCU,DEL,2026-04-20 05:11:41.703,2026-04-20 07:22:41.703,SJ186,,True,2026-04-20 07:22:41.703,False,131.0,False,2026-04-20,CCU → DEL
UK001,Vistara,CCU,DEL,2026-04-20 05:06:41.700,2026-04-20 06:31:41.700,UK001,,True,2026-04-20 06:31:41.700,False,85.0,False,2026-04-20,CCU → DEL
AI217,Air India,CCU,BLR,2026-04-20 04:57:41.703,2026-04-20 07:14:41.703,AI217,,True,2026-04-20 07:14:41.703,False,137.0,False,2026-04-20,CCU → BLR
UK015,Vistara,BLR,BOM,2026-04-20 04:46:41.701,2026-04-20 06:33:41.701,UK015,,True,2026-04-20 06:33:41.701,False,107.0,False,2026-04-20,BLR → BOM
AI112,Air India,DEL,BLR,2026-04-20 04:41:41.702,2026-04-20 08:24:41.702,AI112,,True,2026-04-20 08:24:41.702,False,223.0,False,2026-04-20,DEL → BLR
UK100,Vistara,CCU,BLR,2026-04-20 04:40:41.702,2026-04-20 07:12:41.702,UK100,,True,2026-04-20 07:12:41.702,False,152.0,False,2026-04-20,CCU → BLR
AI227,Air India,BLR,MAA,2026-04-20 04:31:41.703,2026-04-20 08:17:41.703,AI227,,True,2026-04-20 08:17:41.703,False,226.0,False,2026-04-20,BLR → MAA
UK093,Vistara,HYD,CCU,2026-04-20 04:31:41.702,2026-04-20 05:21:41.702,UK093,,True,2026-04-20 05:21:41.702,False,50.0,False,2026-04-20,HYD → CCU
UK203,Vistara,BLR,HYD,2026-04-20 04:12:41.703,2026-04-20 05:24:41.703,UK203,,True,2026-04-20 05:24:41.703,False,72.0,False,2026-04-20,BLR → HYD
UK154,Vistara,MAA,HYD,2026-04-20 04:00:41.703,2026-04-20 07:57:41.703,UK154,,True,2026-04-20 07:57:41.703,False,237.0,False,2026-04-20,MAA → HYD
UK073,Vistara,BLR,CCU,2026-04-20 03:59:41.702,2026-04-20 08:09:41.702,UK073,,True,2026-04-20 08:09:41.702,False,250.0,False,2026-04-20,BLR → CCU
AI164,Air India,DEL,BLR,2026-04-20 03:57:41.703,2026-04-20 05:45:41.703,AI164,,True,2026-04-20 05:45:41.703,False,108.0,False,2026-04-20,DEL → BLR
UK008,Vistara,CCU,BLR,2026-04-20 03:57:41.701,2026-04-20 04:34:41.701,UK008,,True,2026-04-20 04:34:41.701,False,37.0,False,2026-04-20,CCU → BLR
UK051,Vistara,HYD,DEL,2026-04-20 03:55:41.701,2026-04-20 06:55:41.701,UK051,,True,2026-04-20 06:55:41.701,False,180.0,False,2026-04-20,HYD → DEL
UK208,Vistara,DEL,CCU,2026-04-20 03:54:41.704,2026-04-20 08:51:41.704,UK208,,True,2026-04-20 08:51:41.704,False,297.0,False,2026-04-20,DEL → CCU
AI150,Air India,BOM,DEL,2026-04-20 03:51:41.703,2026-04-20 04:38:41.703,AI150,,True,2026-04-20 04:38:41.703,False,47.0,False,2026-04-20,BOM → DEL
AI189,Air India,CCU,DEL,2026-04-20 03:44:41.703,2026-04-20 05:32:41.703,AI189,,True,2026-04-20 05:32:41.703,False,108.0,False,2026-04-20,CCU → DEL
AI205,Air India,BLR,BOM,2026-04-20 03:26:41.703,2026-04-20 05:14:41.703,AI205,,True,2026-04-20 05:14:41.703,False,108.0,False,2026-04-20,BLR → BOM
AI103,Air India,BLR,BOM,2026-04-20 03:26:41.702,2026-04-20 04:04:41.702,AI103,,True,2026-04-20 04:04:41.702,False,38.0,False,2026-04-20,BLR → BOM
AI246,Air India,BOM,BLR,2026-04-20 03:22:41.704,2026-04-20 06:41:41.704,AI246,,True,2026-04-20 06:41:41.704,False,199.0,False,2026-04-20,BOM → BLR
AI082,Air India,DEL,CCU,2026-04-20 03:19:41.702,2026-04-20 06:01:41.702,AI082,,True,2026-04-20 06:01:41.702,False,162.0,False,2026-04-20,DEL → CCU
UK116,Vistara,CCU,BOM,2026-04-20 03:18:41.702,2026-04-20 07:06:41.702,UK116,,True,2026-04-20 07:06:41.702,False,228.0,False,2026-04-20,CCU → BOM
SJ169,SpiceJet,BOM,MAA,2026-04-20 03:10:41.703,2026-04-20 07:56:41.703,SJ169,,True,2026-04-20 07:56:41.703,False,286.0,False,2026-04-20,BOM → MAA
AI175,Air India,BOM,HYD,2026-04-20 03:08:41.703,2026-04-20 06:55:41.703,AI175,,True,2026-04-20 06:55:41.703,False,227.0,False,2026-04-20,BOM → HYD
SJ098,SpiceJet,HYD,MAA,2026-04-20 03:02:41.702,2026-04-20 03:37:41.702,SJ098,,True,2026-04-20 03:37:41.702,False,35.0,False,2026-04-20,HYD → MAA
SJ191,SpiceJet,BLR,BOM,2026-04-20 03:01:41.703,2026-04-20 04:23:41.703,SJ191,,True,2026-04-20 04:23:41.703,False,82.0,False,2026-04-20,BLR → BOM
SJ017,SpiceJet,DEL,MAA,2026-04-20 02:57:41.701,2026-04-20 05:00:41.701,SJ017,,True,2026-04-20 05:00:41.701,False,123.0,False,2026-04-20,DEL → MAA
UK188,Vistara,MAA,BLR,2026-04-20 02:55:41.703,2026-04-20 03:44:41.703,UK188,,True,2026-04-20 03:44:41.703,False,49.0,False,2026-04-20,MAA → BLR
AI196,Air India,MAA,HYD,2026-04-20 02:52:41.703,2026-04-20 04:25:41.703,AI196,,True,2026-04-20 04:25:41.703,False,93.0,False,2026-04-20,MAA → HYD
AI068,Air India,BOM,BLR,2026-04-20 02:48:41.702,2026-04-20 04:48:42.000,AI068,,True,2026-04-20 04:48:42.000,False,120.00496666666666,False,2026-04-20,BOM → BLR
SJ097,SpiceJet,BOM,CCU,2026-04-20 02:37:41.702,2026-04-20 05:27:41.702,SJ097,,True,2026-04-20 05:27:41.702,False,170.0,False,2026-04-20,BOM → CCU
SJ030,SpiceJet,DEL,HYD,2026-04-20 02:36:41.701,2026-04-20 03:19:41.701,SJ030,,True,2026-04-20 03:19:41.701,False,43.0,False,2026-04-20,DEL → HYD
SJ057,SpiceJet,BOM,CCU,2026-04-20 02:17:41.701,2026-04-20 05:29:41.701,SJ057,,True,2026-04-20 05:29:41.701,False,192.0,False,2026-04-20,BOM → CCU
UK165,Vistara,DEL,BLR,2026-04-20 01:51:41.703,2026-04-20 06:04:41.703,UK165,,True,2026-04-20 06:04:41.703,False,253.0,False,2026-04-20,DEL → BLR
AI009,Unknown,DEL,CCU,2026-04-20 01:31:41.701,2026-04-20 04:05:41.701,AI009,,True,2026-04-20 04:05:41.701,False,154.0,False,2026-04-20,DEL → CCU
AI051,Air India,MAA,BLR,2026-04-20 01:27:41.701,2026-04-20 02:22:41.701,AI051,,True,2026-04-20 02:22:41.701,False,55.0,False,2026-04-20,MAA → BLR
UK222,Vistara,BOM,CCU,2026-04-20 01:22:41.704,2026-04-20 02:57:41.704,UK222,,True,2026-04-20 02:57:41.704,False,95.0,False,2026-04-20,BOM → CCU
SJ127,SpiceJet,BOM,DEL,2026-04-20 01:21:41.702,2026-04-20 03:58:41.702,SJ127,,True,2026-04-20 03:58:41.702,False,157.0,False,2026-04-20,BOM → DEL
AI226,Unknown,BLR,HYD,2026-04-20 01:19:41.703,2026-04-20 04:08:41.703,AI226,,True,2026-04-20 04:08:41.703,False,169.0,False,2026-04-20,BLR → HYD
AI216,Air India,BOM,CCU,2026-04-20 01:10:41.703,2026-04-20 02:34:41.703,AI216,,True,2026-04-20 02:34:41.703,False,84.0,False,2026-04-20,BOM → CCU
SJ207,SpiceJet,DEL,CCU,2026-04-20 00:52:41.703,2026-04-20 04:05:41.703,SJ207,,True,2026-04-20 04:05:41.703,False,193.0,False,2026-04-20,DEL → CCU
SJ198,SpiceJet,CCU,BOM,2026-04-20 00:47:41.703,2026-04-20 05:28:41.703,SJ198,,True,2026-04-20 05:28:41.703,False,281.0,False,2026-04-20,CCU → BOM
SJ108,SpiceJet,BLR,HYD,2026-04-20 00:40:41.702,2026-04-20 03:16:41.702,SJ108,,True,2026-04-20 03:16:41.702,False,156.0,False,2026-04-20,BLR → HYD
SJ155,SpiceJet,DEL,CCU,2026-04-20 00:38:41.702,2026-04-20 05:38:41.702,SJ155,,True,2026-04-20 05:38:41.702,False,300.0,False,2026-04-20,DEL → CCU
AI102,Air India,CCU,BLR,2026-04-20 00:17:41.702,2026-04-20 05:08:41.702,AI102,,True,2026-04-20 05:08:41.702,False,291.0,False,2026-04-20,CCU → BLR
UK175,Vistara,BLR,BOM,2026-04-19 23:56:41.703,2026-04-20 03:18:41.703,UK175,,True,2026-04-20 03:18:41.703,True,202.0,False,2026-04-19,BLR → BOM
AI234,Air India,BOM,MAA,2026-04-19 23:50:41.704,2026-04-20 01:34:41.704,AI234,,True,2026-04-20 01:34:41.704,True,104.0,False,2026-04-19,BOM → MAA
UK135,Vistara,HYD,DEL,2026-04-19 23:50:41.702,2026-04-20 01:43:41.702,UK135,,True,2026-04-20 01:43:41.702,True,113.0,False,2026-04-19,HYD → DEL
AI061,Air India,BOM,CCU,2026-04-19 23:31:41.701,2026-04-20 01:02:41.701,AI061,,True,2026-04-20 01:02:41.701,True,91.0,False,2026-04-19,BOM → CCU
AI015,Air India,BLR,CCU,2026-04-19 23:21:41.701,2026-04-20 01:15:41.701,AI015,,True,2026-04-20 01:15:41.701,True,114.0,False,2026-04-19,BLR → CCU
SJ076,SpiceJet,DEL,MAA,2026-04-19 23:01:41.701,2026-04-20 02:02:41.701,SJ076,,True,2026-04-20 02:02:41.701,True,181.0,False,2026-04-19,DEL → MAA
SJ029,Unknown,HYD,DEL,2026-04-19 22:55:41.701,2026-04-20 00:22:41.701,SJ029,,True,2026-04-20 00:22:41.701,True,87.0,False,2026-04-19,HYD → DEL
SJ194,SpiceJet,CCU,DEL,2026-04-19 22:46:41.703,2026-04-20 02:31:41.703,SJ194,,True,2026-04-20 02:31:41.703,True,225.0,False,2026-04-19,CCU → DEL
AI235,Air India,BLR,HYD,2026-04-19 22:45:41.704,2026-04-20 02:12:41.704,AI235,,True,2026-04-20 02:12:41.704,True,207.0,False,2026-04-19,BLR → HYD
SJ048,SpiceJet,MAA,BLR,2026-04-19 22:43:41.701,2026-04-20 00:19:41.701,SJ048,,True,2026-04-20 00:19:41.701,True,96.0,False,2026-04-19,MAA → BLR
SJ114,SpiceJet,HYD,DEL,2026-04-19 22:42:41.702,2026-04-20 02:02:41.702,SJ114,,True,2026-04-20 02:02:41.702,True,200.0,False,2026-04-19,HYD → DEL
SJ146,SpiceJet,HYD,BLR,2026-04-19 22:37:41.702,2026-04-20 00:33:41.702,SJ146,,True,2026-04-20 00:33:41.702,True,116.0,False,2026-04-19,HYD → BLR
SJ146,SpiceJet,HYD,BLR,2026-04-19 22:37:41.702,2026-04-20 00:33:41.702,SJ146,,True,2026-04-20 00:33:41.702,True,116.0,False,2026-04-19,HYD → BLR
UK041,Vistara,HYD,MAA,2026-04-19 22:37:41.701,2026-04-19 23:44:41.701,UK041,,True,2026-04-19 23:44:41.701,False,67.0,False,2026-04-19,HYD → MAA
SJ020,SpiceJet,BLR,BOM,2026-04-19 22:18:41.701,2026-04-20 02:27:41.701,SJ020,,True,2026-04-20 02:27:41.701,True,249.0,False,2026-04-19,BLR → BOM
SJ099,Unknown,MAA,BLR,2026-04-19 22:14:41.702,2026-04-20 00:34:41.702,SJ099,,True,2026-04-20 00:34:41.702,True,140.0,False,2026-04-19,MAA → BLR
UK219,Vistara,BOM,HYD,2026-04-19 22:03:41.704,2026-04-20 02:21:41.704,UK219,,True,2026-04-20 02:21:41.704,True,258.0,False,2026-04-19,BOM → HYD
UK223,Vistara,CCU,DEL,2026-04-19 21:58:41.704,2026-04-19 22:30:41.704,UK223,,True,2026-04-19 22:30:41.704,False,32.0,False,2026-04-19,CCU → DEL
UK227,Vistara,BOM,HYD,2026-04-19 21:57:41.704,2026-04-20 01:47:41.704,UK227,,True,2026-04-20 01:47:41.704,True,230.0,False,2026-04-19,BOM → HYD
AI096,Air India,CCU,DEL,2026-04-19 21:48:41.702,2026-04-20 02:46:41.702,AI096,,True,2026-04-20 02:46:41.702,True,298.0,False,2026-04-19,CCU → DEL
UK146,Vistara,BOM,MAA,2026-04-19 21:40:41.703,2026-04-20 00:08:41.703,UK146,,True,2026-04-20 00:08:41.703,True,148.0,False,2026-04-19,BOM → MAA
SJ015,SpiceJet,BOM,CCU,2026-04-19 21:40:41.701,2026-04-19 22:52:41.701,SJ015,,True,2026-04-19 22:52:41.701,False,72.0,False,2026-04-19,BOM → CCU
AI108,Air India,BLR,CCU,2026-04-19 21:32:41.702,2026-04-20 00:17:41.702,AI108,,True,2026-04-20 00:17:41.702,True,165.0,False,2026-04-19,BLR → CCU
UK020,Vistara,MAA,BLR,2026-04-19 21:23:41.701,2026-04-19 22:38:41.701,UK020,,True,2026-04-19 22:38:41.701,False,75.0,False,2026-04-19,MAA → BLR
UK158,Vistara,BOM,MAA,2026-04-19 20:49:41.703,2026-04-19 21:22:41.703,UK158,,True,2026-04-19 21:22:41.703,False,33.0,False,2026-04-19,BOM → MAA
UK159,Vistara,CCU,BLR,2026-04-19 20:45:41.703,2026-04-19 23:32:41.703,UK159,,True,2026-04-19 23:32:41.703,False,167.0,False,2026-04-19,CCU → BLR
UK084,Vistara,MAA,DEL,2026-04-19 20:44:41.702,2026-04-20 00:20:41.702,UK084,,True,2026-04-20 00:20:41.702,True,216.0,False,2026-04-19,MAA → DEL
SJ206,SpiceJet,DEL,CCU,2026-04-19 20:43:41.703,2026-04-20 01:21:41.703,SJ206,,True,2026-04-20 01:21:41.703,True,278.0,False,2026-04-19,DEL → CCU
UK044,Vistara,BLR,BOM,2026-04-19 20:31:41.701,2026-04-19 23:29:41.701,UK044,,True,2026-04-19 23:29:41.701,False,178.0,False,2026-04-19,BLR → BOM
SJ036,SpiceJet,DEL,HYD,2026-04-19 20:24:41.701,2026-04-19 23:54:41.701,SJ036,,True,2026-04-19 23:54:41.701,False,210.0,False,2026-04-19,DEL → HYD
AI105,Air India,CCU,DEL,2026-04-19 20:16:41.702,2026-04-19 22:03:41.702,AI105,,True,2026-04-19 22:03:41.702,False,107.0,False,2026-04-19,CCU → DEL
AI241,Air India,HYD,BLR,2026-04-19 20:11:41.704,2026-04-19 22:18:41.704,AI241,,True,2026-04-19 22:18:41.704,False,127.0,False,2026-04-19,HYD → BLR
SJ162,SpiceJet,DEL,HYD,2026-04-19 20:11:41.703,2026-04-19 22:30:41.703,SJ162,,True,2026-04-19 22:30:41.703,False,139.0,False,2026-04-19,DEL → HYD
AI237,Air India,BOM,CCU,2026-04-19 19:58:41.704,2026-04-19 23:13:41.704,AI237,,True,2026-04-19 23:13:41.704,False,195.0,False,2026-04-19,BOM → CCU
SJ134,SpiceJet,BOM,CCU,2026-04-19 19:58:41.702,2026-04-20 00:15:41.702,SJ134,,True,2026-04-20 00:15:41.702,True,257.0,False,2026-04-19,BOM → CCU
AI071,Air India,BOM,MAA,2026-04-19 19:55:41.702,2026-04-19 22:58:41.702,AI071,,True,2026-04-19 22:58:41.702,False,183.0,False,2026-04-19,BOM → MAA
SJ070,SpiceJet,MAA,CCU,2026-04-19 18:55:41.701,2026-04-19 20:48:41.701,SJ070,,True,2026-04-19 20:48:41.701,False,113.0,False,2026-04-19,MAA → CCU
UK007,Vistara,DEL,HYD,2026-04-19 18:50:41.701,2026-04-19 21:04:41.701,UK007,,True,2026-04-19 21:04:41.701,False,134.0,False,2026-04-19,DEL → HYD
SJ192,SpiceJet,HYD,BOM,2026-04-19 18:45:42.000,2026-04-18 23:45:42.000,SJ192,,True,2026-04-19 23:45:42.000,True,300.0,False,2026-04-19,HYD → BOM
AI097,Air India,HYD,MAA,2026-04-19 18:42:41.702,2026-04-19 23:34:41.702,AI097,,True,2026-04-19 23:34:41.702,False,292.0,False,2026-04-19,HYD → MAA
UK047,Vistara,BLR,HYD,2026-04-19 18:40:41.701,2026-04-19 22:45:41.701,UK047,,True,2026-04-19 22:45:41.701,False,245.0,False,2026-04-19,BLR → HYD
AI024,Air India,MAA,BOM,2026-04-19 18:38:41.701,2026-04-19 19:45:41.701,AI024,,True,2026-04-19 19:45:41.701,False,67.0,False,2026-04-19,MAA → BOM
UK113,Vistara,CCU,DEL,2026-04-19 18:34:41.702,2026-04-19 22:58:41.702,UK113,,True,2026-04-19 22:58:41.702,False,264.0,False,2026-04-19,CCU → DEL
SJ163,SpiceJet,DEL,HYD,2026-04-19 18:32:41.703,2026-04-19 23:08:41.703,SJ163,,True,2026-04-19 23:08:41.703,False,276.0,False,2026-04-19,DEL → HYD
SJ208,SpiceJet,DEL,HYD,2026-04-19 18:32:41.703,2026-04-19 19:33:41.703,SJ208,,True,2026-04-19 19:33:41.703,False,61.0,False,2026-04-19,DEL → HYD
SJ221,SpiceJet,MAA,HYD,2026-04-19 18:31:41.703,2026-04-19 23:17:41.703,SJ221,,True,2026-04-19 23:17:41.703,False,286.0,False,2026-04-19,MAA → HYD
SJ084,SpiceJet,HYD,MAA,2026-04-19 18:31:41.702,2026-04-19 19:30:41.702,SJ084,,True,2026-04-19 19:30:41.702,False,59.0,False,2026-04-19,HYD → MAA
AI122,Air India,BOM,CCU,2026-04-19 18:25:41.702,2026-04-19 22:36:41.702,AI122,,True,2026-04-19 22:36:41.702,False,251.0,False,2026-04-19,BOM → CCU
AI139,Air India,HYD,MAA,2026-04-19 18:23:41.702,2026-04-19 19:24:41.702,AI139,,True,2026-04-19 19:24:41.702,False,61.0,False,2026-04-19,HYD → MAA
UK149,Vistara,MAA,DEL,2026-04-19 18:22:41.703,2026-04-19 23:08:41.703,UK149,,True,2026-04-19 23:08:41.703,False,286.0,False,2026-04-19,MAA → DEL
AI149,Air India,BOM,HYD,2026-04-19 18:19:41.703,2026-04-19 21:36:41.703,AI149,,True,2026-04-19 21:36:41.703,False,197.0,False,2026-04-19,BOM → HYD
SJ243,SpiceJet,BLR,DEL,2026-04-19 18:17:41.704,2026-04-19 23:03:41.704,SJ243,,True,2026-04-19 23:03:41.704,False,286.0,False,2026-04-19,BLR → DEL
AI053,Air India,CCU,DEL,2026-04-19 18:04:41.701,2026-04-19 22:19:41.701,AI053,,True,2026-04-19 22:19:41.701,False,255.0,False,2026-04-19,CCU → DEL
UK061,Vistara,BLR,BOM,2026-04-19 17:58:41.701,2026-04-19 19:48:41.701,UK061,,True,2026-04-19 19:48:41.701,False,110.0,False,2026-04-19,BLR → BOM
SJ004,SpiceJet,MAA,DEL,2026-04-19 17:52:41.701,2026-04-19 21:01:41.701,SJ004,,True,2026-04-19 21:01:41.701,False,189.0,False,2026-04-19,MAA → DEL
AI173,Air India,HYD,DEL,2026-04-19 17:36:41.703,2026-04-19 22:27:41.703,AI173,,True,2026-04-19 22:27:41.703,False,291.0,False,2026-04-19,HYD → DEL
AI252,Unknown,HYD,DEL,2026-04-19 17:30:41.704,2026-04-19 21:54:41.704,AI252,,True,2026-04-19 21:54:41.704,False,264.0,False,2026-04-19,HYD → DEL
SJ109,SpiceJet,BOM,DEL,2026-04-19 17:24:41.702,2026-04-19 20:28:41.702,SJ109,,True,2026-04-19 20:28:41.702,False,184.0,False,2026-04-19,BOM → DEL
UK123,Vistara,BOM,DEL,2026-04-19 17:24:41.702,2026-04-19 20:18:41.702,UK123,,True,2026-04-19 20:18:41.702,False,174.0,False,2026-04-19,BOM → DEL
UK183,Vistara,BLR,CCU,2026-04-19 17:07:41.703,2026-04-19 18:30:41.703,UK183,,True,2026-04-19 18:30:41.703,False,83.0,False,2026-04-19,BLR → CCU
AI110,Air India,BOM,CCU,2026-04-19 17:07:41.702,2026-04-19 22:00:41.702,AI110,,True,2026-04-19 22:00:41.702,False,293.0,False,2026-04-19,BOM → CCU
UK105,Vistara,CCU,HYD,2026-04-19 17:04:41.702,2026-04-19 18:11:41.702,UK105,,True,2026-04-19 18:11:41.702,False,67.0,False,2026-04-19,CCU → HYD
SJ130,SpiceJet,BOM,DEL,2026-04-19 16:53:41.702,2026-04-19 20:53:41.702,SJ130,,True,2026-04-19 20:53:41.702,False,240.0,False,2026-04-19,BOM → DEL
AI224,Air India,DEL,HYD,2026-04-19 16:51:41.703,2026-04-19 21:36:41.703,AI224,,True,2026-04-19 21:36:41.703,False,285.0,False,2026-04-19,DEL → HYD
SJ182,SpiceJet,CCU,BOM,2026-04-19 16:48:41.703,2026-04-19 17:36:41.703,SJ182,,True,2026-04-19 17:36:41.703,False,48.0,False,2026-04-19,CCU → BOM
UK164,Vistara,BOM,HYD,2026-04-19 16:46:41.703,2026-04-19 21:10:41.703,UK164,,True,2026-04-19 21:10:41.703,False,264.0,False,2026-04-19,BOM → HYD
AI161,Air India,CCU,BOM,2026-04-19 16:40:41.703,2026-04-19 19:40:41.703,AI161,,True,2026-04-19 19:40:41.703,False,180.0,False,2026-04-19,CCU → BOM
SJ204,SpiceJet,CCU,DEL,2026-04-19 16:34:41.703,2026-04-19 18:15:41.703,SJ204,,True,2026-04-19 18:15:41.703,False,101.0,False,2026-04-19,CCU → DEL
AI206,Air India,CCU,MAA,2026-04-19 16:30:41.703,2026-04-19 20:01:41.703,AI206,,True,2026-04-19 20:01:41.703,False,211.0,False,2026-04-19,CCU → MAA
SJ203,Unknown,DEL,HYD,2026-04-19 16:22:41.703,2026-04-19 18:27:41.703,SJ203,,True,2026-04-19 18:27:41.703,False,125.0,False,2026-04-19,DEL → HYD
SJ161,SpiceJet,MAA,BLR,2026-04-19 16:22:41.703,2026-04-19 17:04:41.703,SJ161,,True,2026-04-19 17:04:41.703,False,42.0,False,2026-04-19,MAA → BLR
AI098,Air India,HYD,MAA,2026-04-19 16:01:41.702,2026-04-19 18:11:41.702,AI098,,True,2026-04-19 18:11:41.702,False,130.0,False,2026-04-19,HYD → MAA
AI168,Unknown,DEL,CCU,2026-04-19 15:50:41.703,2026-04-19 20:20:41.703,AI168,,True,2026-04-19 20:20:41.703,False,270.0,False,2026-04-19,DEL → CCU
UK190,Vistara,DEL,BLR,2026-04-19 15:49:41.703,2026-04-19 18:53:41.703,UK190,,True,2026-04-19 18:53:41.703,False,184.0,False,2026-04-19,DEL → BLR
AI085,Air India,DEL,HYD,2026-04-19 15:45:41.702,2026-04-19 20:33:41.702,AI085,,True,2026-04-19 20:33:41.702,False,288.0,False,2026-04-19,DEL → HYD
AI076,Air India,BLR,BOM,2026-04-19 15:37:41.702,2026-04-19 16:12:41.702,AI076,,True,2026-04-19 16:12:41.702,False,35.0,False,2026-04-19,BLR → BOM
UK130,Vistara,MAA,BLR,2026-04-19 15:36:41.702,2026-04-19 19:43:41.702,UK130,,True,2026-04-19 19:43:41.702,False,247.0,False,2026-04-19,MAA → BLR
UK110,Vistara,HYD,DEL,2026-04-19 15:26:41.702,2026-04-19 20:13:41.702,UK110,,True,2026-04-19 20:13:41.702,False,287.0,False,2026-04-19,HYD → DEL
SJ013,SpiceJet,DEL,MAA,2026-04-19 15:25:41.701,2026-04-19 19:54:41.701,SJ013,,True,2026-04-19 19:54:41.701,False,269.0,False,2026-04-19,DEL → MAA
AI039,Air India,MAA,BLR,2026-04-19 15:24:41.701,2026-04-19 18:56:41.701,AI039,,True,2026-04-19 18:56:41.701,False,212.0,False,2026-04-19,MAA → BLR
AI248,Air India,CCU,DEL,2026-04-19 15:17:41.704,2026-04-19 16:35:41.704,AI248,,True,2026-04-19 16:35:41.704,False,78.0,False,2026-04-19,CCU → DEL
AI225,Air India,BOM,BLR,2026-04-19 15:05:41.703,2026-04-19 16:01:41.703,AI225,,True,2026-04-19 16:01:41.703,False,56.0,False,2026-04-19,BOM → BLR
SJ028,SpiceJet,CCU,BOM,2026-04-19 15:04:41.701,2026-04-19 19:32:41.701,SJ028,,True,2026-04-19 19:32:41.701,False,268.0,False,2026-04-19,CCU → BOM
SJ012,SpiceJet,HYD,BLR,2026-04-19 15:01:41.701,2026-04-19 16:12:41.701,SJ012,,True,2026-04-19 16:12:41.701,False,71.0,False,2026-04-19,HYD → BLR
SJ131,SpiceJet,MAA,HYD,2026-04-19 15:00:41.702,2026-04-19 16:07:41.702,SJ131,,True,2026-04-19 16:07:41.702,False,67.0,False,2026-04-19,MAA → HYD
AI010,Air India,BOM,HYD,2026-04-19 15:00:41.701,2026-04-19 19:48:41.701,AI010,,True,2026-04-19 19:48:41.701,False,288.0,False,2026-04-19,BOM → HYD
SJ038,SpiceJet,BLR,DEL,2026-04-19 14:57:41.701,2026-04-19 17:46:41.701,SJ038,,True,2026-04-19 17:46:41.701,False,169.0,False,2026-04-19,BLR → DEL
UK204,Vistara,BLR,DEL,2026-04-19 14:46:41.703,2026-04-19 16:24:41.703,UK204,,True,2026-04-19 16:24:41.703,False,98.0,False,2026-04-19,BLR → DEL
AI036,Air India,BOM,CCU,2026-04-19 14:45:41.701,2026-04-19 16:16:41.701,AI036,,True,2026-04-19 16:16:41.701,False,91.0,False,2026-04-19,BOM → CCU
AI100,Unknown,CCU,BOM,2026-04-19 14:42:41.702,2026-04-19 18:22:41.702,AI100,,True,2026-04-19 18:22:41.702,False,220.0,False,2026-04-19,CCU → BOM
SJ215,SpiceJet,CCU,DEL,2026-04-19 14:37:41.703,2026-04-19 16:12:41.703,SJ215,,True,2026-04-19 16:12:41.703,False,95.0,False,2026-04-19,CCU → DEL
UK155,Vistara,MAA,HYD,2026-04-19 14:34:41.703,2026-04-19 18:37:41.703,UK155,,True,2026-04-19 18:37:41.703,False,243.0,False,2026-04-19,MAA → HYD
SJ173,SpiceJet,CCU,HYD,2026-04-19 14:27:41.703,2026-04-19 16:09:41.703,SJ173,,True,2026-04-19 16:09:41.703,False,102.0,False,2026-04-19,CCU → HYD
UK179,Vistara,DEL,HYD,2026-04-19 14:25:41.703,2026-04-19 19:15:41.703,UK179,,True,2026-04-19 19:15:41.703,False,290.0,False,2026-04-19,DEL → HYD
UK221,Vistara,CCU,DEL,2026-04-19 14:18:41.704,2026-04-19 18:44:41.704,UK221,,True,2026-04-19 18:44:41.704,False,266.0,False,2026-04-19,CCU → DEL
UK023,Vistara,DEL,MAA,2026-04-19 14:15:41.701,2026-04-19 19:03:41.701,UK023,,True,2026-04-19 19:03:41.701,False,288.0,False,2026-04-19,DEL → MAA
SJ107,SpiceJet,BOM,MAA,2026-04-19 14:10:41.702,2026-04-19 18:38:41.702,SJ107,,True,2026-04-19 18:38:41.702,False,268.0,False,2026-04-19,BOM → MAA
AI073,Air India,BOM,BLR,2026-04-19 14:08:41.702,2026-04-19 16:10:41.702,AI073,,True,2026-04-19 16:10:41.702,False,122.0,False,2026-04-19,BOM → BLR
SJ187,SpiceJet,MAA,BLR,2026-04-19 14:07:41.703,2026-04-19 17:30:41.703,SJ187,,True,2026-04-19 17:30:41.703,False,203.0,False,2026-04-19,MAA → BLR
UK058,Vistara,MAA,BOM,2026-04-19 13:46:41.701,2026-04-19 17:04:41.701,UK058,,True,2026-04-19 17:04:41.701,False,198.0,False,2026-04-19,MAA → BOM
SJ063,SpiceJet,MAA,BOM,2026-04-19 13:38:41.701,2026-04-19 15:23:41.701,SJ063,,True,2026-04-19 15:23:41.701,False,105.0,False,2026-04-19,MAA → BOM
SJ062,SpiceJet,BLR,HYD,2026-04-19 13:37:41.701,2026-04-19 17:06:41.701,SJ062,,True,2026-04-19 17:06:41.701,False,209.0,False,2026-04-19,BLR → HYD
UK048,Vistara,MAA,DEL,2026-04-19 13:36:41.701,2026-04-19 18:21:41.701,UK048,,True,2026-04-19 18:21:41.701,False,285.0,False,2026-04-19,MAA → DEL
AI181,Air India,MAA,HYD,2026-04-19 13:29:41.703,2026-04-19 16:55:41.703,AI181,,True,2026-04-19 16:55:41.703,False,206.0,False,2026-04-19,MAA → HYD
AI003,Air India,BLR,HYD,2026-04-19 13:27:41.701,2026-04-19 16:55:41.701,AI003,,True,2026-04-19 16:55:41.701,False,208.0,False,2026-04-19,BLR → HYD
SJ040,SpiceJet,BOM,CCU,2026-04-19 13:12:41.701,2026-04-19 16:44:41.701,SJ040,,True,2026-04-19 16:44:41.701,False,212.0,False,2026-04-19,BOM → CCU
SJ016,SpiceJet,HYD,CCU,2026-04-19 13:01:41.701,2026-04-19 16:26:41.701,SJ016,,True,2026-04-19 16:26:41.701,False,205.0,False,2026-04-19,HYD → CCU
AI083,Air India,DEL,BOM,2026-04-19 12:54:41.702,2026-04-19 13:37:41.702,AI083,,True,2026-04-19 13:37:41.702,False,43.0,False,2026-04-19,DEL → BOM
SJ166,SpiceJet,CCU,HYD,2026-04-19 12:51:41.703,2026-04-19 16:18:41.703,SJ166,,True,2026-04-19 16:18:41.703,False,207.0,False,2026-04-19,CCU → HYD
SJ027,Unknown,BOM,MAA,2026-04-19 12:50:41.701,2026-04-19 17:13:41.701,SJ027,,True,2026-04-19 17:13:41.701,False,263.0,False,2026-04-19,BOM → MAA
UK225,Vistara,MAA,BLR,2026-04-19 12:46:41.704,2026-04-19 15:02:41.704,UK225,,True,2026-04-19 15:02:41.704,False,136.0,False,2026-04-19,MAA → BLR
SJ175,SpiceJet,MAA,BLR,2026-04-19 12:46:41.703,2026-04-19 16:50:41.703,SJ175,,True,2026-04-19 16:50:41.703,False,244.0,False,2026-04-19,MAA → BLR
AI182,Air India,HYD,DEL,2026-04-19 12:41:41.703,2026-04-19 17:14:41.703,AI182,,True,2026-04-19 17:14:41.703,False,273.0,False,2026-04-19,HYD → DEL
AI190,Air India,BOM,CCU,2026-04-19 12:38:41.703,2026-04-19 15:56:41.703,AI190,,True,2026-04-19 15:56:41.703,False,198.0,False,2026-04-19,BOM → CCU
AI120,Air India,MAA,CCU,2026-04-19 12:12:41.702,2026-04-19 14:18:41.702,AI120,,True,2026-04-19 14:18:41.702,False,126.0,False,2026-04-19,MAA → CCU
UK102,Vistara,HYD,CCU,2026-04-19 11:58:41.702,2026-04-19 14:01:41.702,UK102,,True,2026-04-19 14:01:41.702,False,123.0,False,2026-04-19,HYD → CCU
AI045,Air India,HYD,MAA,2026-04-19 11:58:41.701,2026-04-19 14:37:41.701,AI045,,True,2026-04-19 14:37:41.701,False,159.0,False,2026-04-19,HYD → MAA
UK136,Vistara,HYD,CCU,2026-04-19 11:43:41.703,2026-04-19 15:26:41.703,UK136,,True,2026-04-19 15:26:41.703,False,223.0,False,2026-04-19,HYD → CCU
SJ238,SpiceJet,MAA,BLR,2026-04-19 11:41:41.704,2026-04-19 15:39:41.704,SJ238,,True,2026-04-19 15:39:41.704,False,238.0,False,2026-04-19,MAA → BLR
AI193,Air India,MAA,HYD,2026-04-19 11:33:41.703,2026-04-19 16:07:41.703,AI193,,True,2026-04-19 16:07:41.703,False,274.0,False,2026-04-19,MAA → HYD
SJ199,SpiceJet,HYD,BOM,2026-04-19 11:29:41.703,2026-04-19 13:59:41.703,SJ199,,True,2026-04-19 13:59:41.703,False,150.0,False,2026-04-19,HYD → BOM
SJ050,SpiceJet,HYD,CCU,2026-04-19 11:24:41.701,2026-04-19 12:03:41.701,SJ050,,True,2026-04-19 12:03:41.701,False,39.0,False,2026-04-19,HYD → CCU
UK115,Vistara,BLR,BOM,2026-04-19 11:20:41.702,2026-04-19 13:20:42.000,UK115,,True,2026-04-19 13:20:42.000,False,120.00496666666666,False,2026-04-19,BLR → BOM
AI037,Unknown,BOM,BLR,2026-04-19 11:14:41.701,2026-04-19 15:13:41.701,AI037,,True,2026-04-19 15:13:41.701,False,239.0,False,2026-04-19,BOM → BLR
UK111,Vistara,MAA,BLR,2026-04-19 11:06:41.702,2026-04-19 12:20:41.702,UK111,,True,2026-04-19 12:20:41.702,False,74.0,False,2026-04-19,MAA → BLR
AI198,Air India,CCU,MAA,2026-04-19 10:56:41.703,2026-04-19 14:19:41.703,AI198,,True,2026-04-19 14:19:41.703,False,203.0,False,2026-04-19,CCU → MAA
UK184,Vistara,MAA,HYD,2026-04-19 10:49:41.703,2026-04-19 13:00:41.703,UK184,,True,2026-04-19 13:00:41.703,False,131.0,False,2026-04-19,MAA → HYD
UK066,Vistara,BOM,CCU,2026-04-19 10:29:41.701,2026-04-19 12:07:41.701,UK066,,True,2026-04-19 12:07:41.701,False,98.0,False,2026-04-19,BOM → CCU
AI180,Air India,BOM,CCU,2026-04-19 10:19:41.703,2026-04-19 11:00:41.703,AI180,,True,2026-04-19 11:00:41.703,False,41.0,False,2026-04-19,BOM → CCU
AI141,Air India,BLR,DEL,2026-04-19 10:16:41.702,2026-04-19 14:53:41.702,AI141,,True,2026-04-19 14:53:41.702,False,277.0,False,2026-04-19,BLR → DEL
SJ170,SpiceJet,BLR,BOM,2026-04-19 10:11:41.703,2026-04-19 11:56:41.703,SJ170,,True,2026-04-19 11:56:41.703,False,105.0,False,2026-04-19,BLR → BOM
SJ178,SpiceJet,BOM,HYD,2026-04-19 09:58:41.703,2026-04-19 12:27:41.703,SJ178,,True,2026-04-19 12:27:41.703,False,149.0,False,2026-04-19,BOM → HYD
UK220,Vistara,BLR,BOM,2026-04-19 09:51:41.704,2026-04-19 13:25:41.704,UK220,,True,2026-04-19 13:25:41.704,False,214.0,False,2026-04-19,BLR → BOM
SJ148,SpiceJet,DEL,BLR,2026-04-19 09:51:41.702,2026-04-19 13:41:41.702,SJ148,,True,2026-04-19 13:41:41.702,False,230.0,False,2026-04-19,DEL → BLR
UK065,Vistara,BOM,CCU,2026-04-19 09:38:41.701,2026-04-19 13:46:41.701,UK065,,True,2026-04-19 13:46:41.701,False,248.0,False,2026-04-19,BOM → CCU
SJ193,SpiceJet,CCU,DEL,2026-04-19 09:37:41.703,2026-04-19 12:16:41.703,SJ193,,True,2026-04-19 12:16:41.703,False,159.0,False,2026-04-19,CCU → DEL
UK056,Vistara,HYD,MAA,2026-04-19 09:29:41.701,2026-04-19 10:15:41.701,UK056,,True,2026-04-19 10:15:41.701,False,46.0,False,2026-04-19,HYD → MAA
AI219,Unknown,BLR,DEL,2026-04-19 09:28:41.703,2026-04-19 11:27:41.703,AI219,,True,2026-04-19 11:27:41.703,False,119.0,False,2026-04-19,BLR → DEL
SJ073,SpiceJet,CCU,BLR,2026-04-19 09:26:41.701,2026-04-19 11:14:41.701,SJ073,,True,2026-04-19 11:14:41.701,False,108.0,False,2026-04-19,CCU → BLR
SJ201,SpiceJet,BLR,DEL,2026-04-19 09:10:41.703,2026-04-19 11:12:41.703,SJ201,,True,2026-04-19 11:12:41.703,False,122.0,False,2026-04-19,BLR → DEL
UK028,Vistara,HYD,MAA,2026-04-19 09:02:41.701,2026-04-19 10:37:41.701,UK028,,True,2026-04-19 10:37:41.701,False,95.0,False,2026-04-19,HYD → MAA
SJ119,SpiceJet,BOM,CCU,2026-04-19 08:53:41.702,2026-04-19 11:29:41.702,SJ119,,True,2026-04-19 11:29:41.702,False,156.0,False,2026-04-19,BOM → CCU
AI165,Air India,DEL,CCU,2026-04-19 08:51:41.703,2026-04-19 10:31:41.703,AI165,,True,2026-04-19 10:31:41.703,False,100.0,False,2026-04-19,DEL → CCU
AI255,Air India,MAA,CCU,2026-04-19 08:45:41.704,2026-04-19 13:12:41.704,AI255,,True,2026-04-19 13:12:41.704,False,267.0,False,2026-04-19,MAA → CCU
AI202,Air India,HYD,BLR,2026-04-19 08:44:41.703,2026-04-19 10:53:41.703,AI202,,True,2026-04-19 10:53:41.703,False,129.0,False,2026-04-19,HYD → BLR
SJ039,SpiceJet,MAA,BOM,2026-04-19 08:41:41.701,2026-04-19 12:08:41.701,SJ039,,True,2026-04-19 12:08:41.701,False,207.0,False,2026-04-19,MAA → BOM
SJ051,Unknown,BOM,BLR,2026-04-19 08:40:41.701,2026-04-19 12:18:41.701,SJ051,,True,2026-04-19 12:18:41.701,False,218.0,False,2026-04-19,BOM → BLR
UK024,Vistara,MAA,BLR,2026-04-19 08:29:41.701,2026-04-19 13:29:41.701,UK024,,True,2026-04-19 13:29:41.701,False,300.0,False,2026-04-19,MAA → BLR
SJ006,SpiceJet,HYD,BLR,2026-04-19 08:25:41.701,2026-04-19 08:57:41.701,SJ006,,True,2026-04-19 08:57:41.701,False,32.0,False,2026-04-19,HYD → BLR
AI207,Air India,BOM,MAA,2026-04-19 08:24:41.703,2026-04-19 11:23:41.703,AI207,,True,2026-04-19 11:23:41.703,False,179.0,False,2026-04-19,BOM → MAA
SJ168,SpiceJet,CCU,BOM,2026-04-19 08:17:41.703,2026-04-19 12:29:41.703,SJ168,,True,2026-04-19 12:29:41.703,False,252.0,False,2026-04-19,CCU → BOM
AI028,Air India,HYD,BOM,2026-04-19 07:53:41.701,2026-04-19 08:35:41.701,AI028,,True,2026-04-19 08:35:41.701,False,42.0,False,2026-04-19,HYD → BOM
AI032,Air India,MAA,BLR,2026-04-19 07:26:41.701,2026-04-19 09:26:42.000,AI032,,True,2026-04-19 09:26:42.000,False,120.00498333333331,False,2026-04-19,MAA → BLR
UK163,Vistara,DEL,HYD,2026-04-19 07:22:41.703,2026-04-19 09:04:41.703,UK163,,True,2026-04-19 09:04:41.703,False,102.0,False,2026-04-19,DEL → HYD
UK163,Vistara,DEL,HYD,2026-04-19 07:22:41.703,2026-04-19 09:04:41.703,UK163,,True,2026-04-19 09:04:41.703,False,102.0,False,2026-04-19,DEL → HYD
SJ067,SpiceJet,MAA,BLR,2026-04-19 07:17:41.701,2026-04-19 08:16:41.701,SJ067,,True,2026-04-19 08:16:41.701,False,59.0,False,2026-04-19,MAA → BLR
SJ106,SpiceJet,CCU,DEL,2026-04-19 07:16:41.702,2026-04-19 09:40:41.702,SJ106,,True,2026-04-19 09:40:41.702,False,144.0,False,2026-04-19,CCU → DEL
AI086,Air India,CCU,HYD,2026-04-19 07:13:41.702,2026-04-19 10:09:41.702,AI086,,True,2026-04-19 10:09:41.702,False,176.0,False,2026-04-19,CCU → HYD
SJ064,SpiceJet,CCU,DEL,2026-04-19 06:29:41.701,2026-04-19 08:43:41.701,SJ064,,True,2026-04-19 08:43:41.701,False,134.0,False,2026-04-19,CCU → DEL
UK118,Vistara,HYD,BLR,2026-04-19 06:22:41.702,2026-04-19 07:22:42.000,UK118,,True,2026-04-19 07:22:42.000,False,60.00496666666666,False,2026-04-19,HYD → BLR
UK022,Vistara,DEL,HYD,2026-04-19 06:22:41.701,2026-04-19 10:59:41.701,UK022,,True,2026-04-19 10:59:41.701,False,277.0,False,2026-04-19,DEL → HYD
UK099,Vistara,BOM,MAA,2026-04-19 06:16:41.702,2026-04-19 10:24:41.702,UK099,,True,2026-04-19 10:24:41.702,False,248.0,False,2026-04-19,BOM → MAA
AI023,Air India,HYD,BLR,2026-04-19 06:10:41.701,2026-04-19 09:35:41.701,AI023,,True,2026-04-19 09:35:41.701,False,205.0,False,2026-04-19,HYD → BLR
SJ245,SpiceJet,BOM,DEL,2026-04-19 06:07:41.704,2026-04-19 09:39:41.704,SJ245,,True,2026-04-19 09:39:41.704,False,212.0,False,2026-04-19,BOM → DEL
AI138,Air India,DEL,CCU,2026-04-19 05:50:41.702,2026-04-19 06:40:41.702,AI138,,True,2026-04-19 06:40:41.702,False,50.0,False,2026-04-19,DEL → CCU
SJ021,SpiceJet,HYD,BLR,2026-04-19 05:48:41.701,2026-04-19 09:46:41.701,SJ021,,True,2026-04-19 09:46:41.701,False,238.0,False,2026-04-19,HYD → BLR
SJ136,SpiceJet,HYD,BLR,2026-04-19 05:45:41.702,2026-04-19 08:04:41.702,SJ136,,True,2026-04-19 08:04:41.702,False,139.0,False,2026-04-19,HYD → BLR
AI148,Air India,HYD,MAA,2026-04-19 05:41:41.703,2026-04-19 08:32:41.703,AI148,,True,2026-04-19 08:32:41.703,False,171.0,False,2026-04-19,HYD → MAA
SJ014,SpiceJet,BOM,HYD,2026-04-19 05:40:41.701,2026-04-19 06:39:41.701,SJ014,,True,2026-04-19 06:39:41.701,False,59.0,False,2026-04-19,BOM → HYD
SJ121,SpiceJet,CCU,DEL,2026-04-19 05:32:41.702,2026-04-19 06:47:41.702,SJ121,,True,2026-04-19 06:47:41.702,False,75.0,False,2026-04-19,CCU → DEL
UK174,Vistara,CCU,DEL,2026-04-19 05:27:41.703,2026-04-19 07:47:41.703,UK174,,True,2026-04-19 07:47:41.703,False,140.0,False,2026-04-19,CCU → DEL
AI033,Air India,MAA,CCU,2026-04-19 05:25:41.701,2026-04-19 10:21:41.701,AI033,,True,2026-04-19 10:21:41.701,False,296.0,False,2026-04-19,MAA → CCU
SJ122,SpiceJet,CCU,BOM,2026-04-19 05:22:41.702,2026-04-19 10:09:41.702,SJ122,,True,2026-04-19 10:09:41.702,False,287.0,False,2026-04-19,CCU → BOM
UK095,Vistara,BOM,MAA,2026-04-19 05:22:41.702,2026-04-19 07:36:41.702,UK095,,True,2026-04-19 07:36:41.702,False,134.0,False,2026-04-19,BOM → MAA
SJ026,SpiceJet,CCU,MAA,2026-04-19 05:22:41.701,2026-04-19 09:40:41.701,SJ026,,True,2026-04-19 09:40:41.701,False,258.0,False,2026-04-19,CCU → MAA
SJ103,SpiceJet,MAA,BLR,2026-04-19 05:16:41.702,2026-04-19 08:56:41.702,SJ103,,True,2026-04-19 08:56:41.702,False,220.0,False,2026-04-19,MAA → BLR
SJ011,SpiceJet,BOM,MAA,2026-04-19 05:14:41.701,2026-04-19 09:59:41.701,SJ011,,True,2026-04-19 09:59:41.701,False,285.0,False,2026-04-19,BOM → MAA
AI002,Air India,HYD,BLR,2026-04-19 05:12:41.700,2026-04-19 07:12:41.700,AI002,,True,2026-04-19 07:12:41.700,False,120.0,False,2026-04-19,HYD → BLR
AI046,Unknown,DEL,BOM,2026-04-19 05:09:41.701,2026-04-19 08:00:41.701,AI046,,True,2026-04-19 08:00:41.701,False,171.0,False,2026-04-19,DEL → BOM
SJ053,SpiceJet,CCU,DEL,2026-04-19 05:00:41.701,2026-04-19 06:38:41.701,SJ053,,True,2026-04-19 06:38:41.701,False,98.0,False,2026-04-19,CCU → DEL
AI236,Air India,DEL,BOM,2026-04-19 04:52:41.704,2026-04-19 09:11:41.704,AI236,,True,2026-04-19 09:11:41.704,False,259.0,False,2026-04-19,DEL → BOM
AI254,Air India,CCU,HYD,2026-04-19 04:46:41.704,2026-04-19 08:06:41.704,AI254,,True,2026-04-19 08:06:41.704,False,200.0,False,2026-04-19,CCU → HYD
UK070,Vistara,BOM,DEL,2026-04-19 04:36:41.701,2026-04-19 06:49:41.701,UK070,,True,2026-04-19 06:49:41.701,False,133.0,False,2026-04-19,BOM → DEL
SJ147,SpiceJet,BLR,CCU,2026-04-19 04:30:41.702,2026-04-19 08:52:41.702,SJ147,,True,2026-04-19 08:52:41.702,False,262.0,False,2026-04-19,BLR → CCU
UK201,Vistara,HYD,BOM,2026-04-19 04:29:41.703,2026-04-19 06:42:41.703,UK201,,True,2026-04-19 06:42:41.703,False,133.0,False,2026-04-19,HYD → BOM
SJ234,SpiceJet,BLR,CCU,2026-04-19 04:20:41.704,2026-04-19 06:23:41.704,SJ234,,True,2026-04-19 06:23:41.704,False,123.0,False,2026-04-19,BLR → CCU
AI176,Air India,BLR,DEL,2026-04-19 04:20:41.703,2026-04-19 06:25:41.703,AI176,,True,2026-04-19 06:25:41.703,False,125.0,False,2026-04-19,BLR → DEL
SJ045,SpiceJet,DEL,MAA,2026-04-19 04:16:41.701,2026-04-19 09:03:41.701,SJ045,,True,2026-04-19 09:03:41.701,False,287.0,False,2026-04-19,DEL → MAA
SJ174,SpiceJet,CCU,DEL,2026-04-19 04:09:41.703,2026-04-19 05:04:41.703,SJ174,,True,2026-04-19 05:04:41.703,False,55.0,False,2026-04-19,CCU → DEL
AI007,Air India,MAA,DEL,2026-04-19 04:01:41.701,2026-04-19 06:01:42.000,AI007,,True,2026-04-19 06:01:42.000,False,120.00498333333331,False,2026-04-19,MAA → DEL
AI143,Air India,CCU,DEL,2026-04-19 03:58:41.702,2026-04-19 04:36:41.702,AI143,,True,2026-04-19 04:36:41.702,False,38.0,False,2026-04-19,CCU → DEL
SJ241,SpiceJet,DEL,HYD,2026-04-19 03:57:41.704,2026-04-19 06:36:41.704,SJ241,,True,2026-04-19 06:36:41.704,False,159.0,False,2026-04-19,DEL → HYD
AI020,Unknown,BOM,BLR,2026-04-19 03:53:41.701,2026-04-19 06:21:41.701,AI020,,True,2026-04-19 06:21:41.701,False,148.0,False,2026-04-19,BOM → BLR
AI020,Unknown,BOM,BLR,2026-04-19 03:53:41.701,2026-04-19 06:21:41.701,AI020,,True,2026-04-19 06:21:41.701,False,148.0,False,2026-04-19,BOM → BLR
UK031,Vistara,CCU,DEL,2026-04-19 03:45:41.701,2026-04-19 07:20:41.701,UK031,,True,2026-04-19 07:20:41.701,False,215.0,False,2026-04-19,CCU → DEL
AI013,Air India,HYD,BLR,2026-04-19 03:41:41.701,2026-04-19 04:58:41.701,AI013,,True,2026-04-19 04:58:41.701,False,77.0,False,2026-04-19,HYD → BLR
AI249,Air India,BLR,HYD,2026-04-19 03:38:41.704,2026-04-19 06:27:41.704,AI249,,True,2026-04-19 06:27:41.704,False,169.0,False,2026-04-19,BLR → HYD
UK046,Vistara,CCU,DEL,2026-04-19 03:37:41.701,2026-04-19 06:05:41.701,UK046,,True,2026-04-19 06:05:41.701,False,148.0,False,2026-04-19,CCU → DEL
UK168,Vistara,BLR,CCU,2026-04-19 03:20:41.703,2026-04-19 04:09:41.703,UK168,,True,2026-04-19 04:09:41.703,False,49.0,False,2026-04-19,BLR → CCU
AI022,Air India,BOM,MAA,2026-04-19 03:15:41.701,2026-04-19 05:10:41.701,AI022,,True,2026-04-19 05:10:41.701,False,115.0,False,2026-04-19,BOM → MAA
UK218,Vistara,MAA,BLR,2026-04-19 03:12:41.704,2026-04-19 07:22:41.704,UK218,,True,2026-04-19 07:22:41.704,False,250.0,False,2026-04-19,MAA → BLR
UK142,Vistara,BLR,DEL,2026-04-19 03:03:41.703,2026-04-19 07:13:41.703,UK142,,True,2026-04-19 07:13:41.703,False,250.0,False,2026-04-19,BLR → DEL
SJ217,SpiceJet,BOM,CCU,2026-04-19 02:57:41.703,2026-04-19 06:04:41.703,SJ217,,True,2026-04-19 06:04:41.703,False,187.0,False,2026-04-19,BOM → CCU
SJ143,SpiceJet,DEL,BOM,2026-04-19 02:55:41.702,2026-04-19 03:52:41.702,SJ143,,True,2026-04-19 03:52:41.702,False,57.0,False,2026-04-19,DEL → BOM
AI243,Unknown,BLR,BOM,2026-04-19 02:50:41.704,2026-04-19 05:09:41.704,AI243,,True,2026-04-19 05:09:41.704,False,139.0,False,2026-04-19,BLR → BOM
SJ246,SpiceJet,BOM,DEL,2026-04-19 02:47:41.704,2026-04-19 03:47:42.000,SJ246,,True,2026-04-19 03:47:42.000,False,60.00493333333333,False,2026-04-19,BOM → DEL
UK157,Vistara,CCU,BOM,2026-04-19 02:41:41.703,2026-04-19 03:41:42.000,UK157,,True,2026-04-19 03:41:42.000,False,60.00495,False,2026-04-19,CCU → BOM
UK172,Vistara,DEL,BOM,2026-04-19 02:20:41.703,2026-04-19 05:21:41.703,UK172,,True,2026-04-19 05:21:41.703,False,181.0,False,2026-04-19,DEL → BOM
SJ139,SpiceJet,DEL,BLR,2026-04-19 02:20:41.702,2026-04-19 06:02:41.702,SJ139,,True,2026-04-19 06:02:41.702,False,222.0,False,2026-04-19,DEL → BLR
UK085,Vistara,MAA,DEL,2026-04-19 02:15:41.702,2026-04-19 03:17:41.702,UK085,,True,2026-04-19 03:17:41.702,False,62.0,False,2026-04-19,MAA → DEL
SJ032,SpiceJet,MAA,BOM,2026-04-19 02:11:41.701,2026-04-19 04:33:41.701,SJ032,,True,2026-04-19 04:33:41.701,False,142.0,False,2026-04-19,MAA → BOM
AI106,Air India,HYD,BLR,2026-04-19 02:07:41.702,2026-04-19 03:20:41.702,AI106,,True,2026-04-19 03:20:41.702,False,73.0,False,2026-04-19,HYD → BLR
AI200,Air India,HYD,MAA,2026-04-19 02:05:41.703,2026-04-19 05:29:41.703,AI200,,True,2026-04-19 05:29:41.703,False,204.0,False,2026-04-19,HYD → MAA
SJ079,SpiceJet,HYD,DEL,2026-04-19 01:58:41.702,2026-04-19 05:02:41.702,SJ079,,True,2026-04-19 05:02:41.702,False,184.0,False,2026-04-19,HYD → DEL
SJ082,SpiceJet,BOM,DEL,2026-04-19 01:54:41.702,2026-04-19 02:33:41.702,SJ082,,True,2026-04-19 02:33:41.702,False,39.0,False,2026-04-19,BOM → DEL
SJ110,SpiceJet,CCU,DEL,2026-04-19 01:47:41.702,2026-04-19 02:20:41.702,SJ110,,True,2026-04-19 02:20:41.702,False,33.0,False,2026-04-19,CCU → DEL
UK143,Vistara,BLR,BOM,2026-04-19 01:34:41.703,2026-04-19 02:48:41.703,UK143,,True,2026-04-19 02:48:41.703,False,74.0,False,2026-04-19,BLR → BOM
SJ213,SpiceJet,BOM,CCU,2026-04-19 01:19:41.703,2026-04-19 04:48:41.703,SJ213,,True,2026-04-19 04:48:41.703,False,209.0,False,2026-04-19,BOM → CCU
SJ072,SpiceJet,DEL,HYD,2026-04-19 01:18:41.701,2026-04-19 04:08:41.701,SJ072,,True,2026-04-19 04:08:41.701,False,170.0,False,2026-04-19,DEL → HYD
UK202,Vistara,DEL,HYD,2026-04-19 01:11:41.703,2026-04-19 05:37:41.703,UK202,,True,2026-04-19 05:37:41.703,False,266.0,False,2026-04-19,DEL → HYD
UK037,Vistara,BLR,BOM,2026-04-19 01:10:41.701,2026-04-19 05:12:41.701,UK037,,True,2026-04-19 05:12:41.701,False,242.0,False,2026-04-19,BLR → BOM
UK069,Vistara,CCU,DEL,2026-04-19 01:10:41.701,2026-04-19 03:23:41.701,UK069,,True,2026-04-19 03:23:41.701,False,133.0,False,2026-04-19,CCU → DEL
SJ118,SpiceJet,DEL,BOM,2026-04-19 01:08:41.702,2026-04-19 02:33:41.702,SJ118,,True,2026-04-19 02:33:41.702,False,85.0,False,2026-04-19,DEL → BOM
SJ118,SpiceJet,DEL,BOM,2026-04-19 01:08:41.702,2026-04-19 02:33:41.702,SJ118,,True,2026-04-19 02:33:41.702,False,85.0,False,2026-04-19,DEL → BOM
UK097,Vistara,HYD,BOM,2026-04-19 00:49:41.702,2026-04-19 05:00:41.702,UK097,,True,2026-04-19 05:00:41.702,False,251.0,False,2026-04-19,HYD → BOM
UK196,Vistara,BOM,HYD,2026-04-19 00:32:41.703,2026-04-19 04:49:41.703,UK196,,True,2026-04-19 04:49:41.703,False,257.0,False,2026-04-19,BOM → HYD
SJ086,SpiceJet,CCU,DEL,2026-04-19 00:32:41.702,2026-04-19 04:17:41.702,SJ086,,True,2026-04-19 04:17:41.702,False,225.0,False,2026-04-19,CCU → DEL
AI134,Air India,HYD,BOM,2026-04-19 00:28:41.702,2026-04-19 04:23:41.702,AI134,,True,2026-04-19 04:23:41.702,False,235.0,False,2026-04-19,HYD → BOM
AI043,Air India,CCU,DEL,2026-04-19 00:28:41.701,2026-04-19 04:37:41.701,AI043,,True,2026-04-19 04:37:41.701,False,249.0,False,2026-04-19,CCU → DEL
AI043,Air India,CCU,DEL,2026-04-19 00:28:41.701,2026-04-19 04:37:41.701,AI043,,True,2026-04-19 04:37:41.701,False,249.0,False,2026-04-19,CCU → DEL
UK119,Vistara,BOM,CCU,2026-04-19 00:21:41.702,2026-04-19 04:38:41.702,UK119,,True,2026-04-19 04:38:41.702,False,257.0,False,2026-04-19,BOM → CCU
SJ181,SpiceJet,BOM,BLR,2026-04-19 00:20:41.703,2026-04-19 01:49:41.703,SJ181,,True,2026-04-19 01:49:41.703,False,89.0,False,2026-04-19,BOM → BLR
AI070,Air India,CCU,DEL,2026-04-19 00:05:41.702,2026-04-19 01:44:41.702,AI070,,True,2026-04-19 01:44:41.702,False,99.0,False,2026-04-19,CCU → DEL
AI070,Air India,CCU,DEL,2026-04-19 00:05:41.702,2026-04-19 01:44:41.702,AI070,,True,2026-04-19 01:44:41.702,False,99.0,False,2026-04-19,CCU → DEL
UK013,Vistara,BOM,MAA,2026-04-18 23:52:41.701,2026-04-19 02:52:41.701,UK013,,True,2026-04-19 02:52:41.701,True,180.0,False,2026-04-18,BOM → MAA
UK013,Vistara,BOM,MAA,2026-04-18 23:52:41.701,2026-04-19 02:52:41.701,UK013,,True,2026-04-19 02:52:41.701,True,180.0,False,2026-04-18,BOM → MAA
SJ247,SpiceJet,DEL,BOM,2026-04-18 23:38:41.704,2026-04-19 03:43:41.704,SJ247,,True,2026-04-19 03:43:41.704,True,245.0,False,2026-04-18,DEL → BOM
AI067,Air India,HYD,DEL,2026-04-18 23:36:41.701,2026-04-19 03:09:41.701,AI067,,True,2026-04-19 03:09:41.701,True,213.0,False,2026-04-18,HYD → DEL
AI211,Air India,DEL,CCU,2026-04-18 23:34:41.703,2026-04-19 01:21:41.703,AI211,,True,2026-04-19 01:21:41.703,True,107.0,False,2026-04-18,DEL → CCU
UK029,Vistara,DEL,BOM,2026-04-18 23:26:41.701,2026-04-19 02:15:41.701,UK029,,True,2026-04-19 02:15:41.701,True,169.0,False,2026-04-18,DEL → BOM
SJ200,SpiceJet,BOM,DEL,2026-04-18 23:24:41.703,2026-04-19 02:11:41.703,SJ200,,True,2026-04-19 02:11:41.703,True,167.0,False,2026-04-18,BOM → DEL
SJ210,SpiceJet,HYD,CCU,2026-04-18 23:21:41.703,2026-04-19 02:54:41.703,SJ210,,True,2026-04-19 02:54:41.703,True,213.0,False,2026-04-18,HYD → CCU
AI101,Air India,DEL,BLR,2026-04-18 23:20:41.702,2026-04-19 02:23:41.702,AI101,,True,2026-04-19 02:23:41.702,True,183.0,False,2026-04-18,DEL → BLR
UK075,Vistara,MAA,CCU,2026-04-18 23:15:41.702,2026-04-19 03:54:41.702,UK075,,True,2026-04-19 03:54:41.702,True,279.0,False,2026-04-18,MAA → CCU
SJ091,SpiceJet,BLR,CCU,2026-04-18 23:10:41.702,2026-04-19 00:47:41.702,SJ091,,True,2026-04-19 00:47:41.702,True,97.0,False,2026-04-18,BLR → CCU
AI251,Air India,MAA,DEL,2026-04-18 22:40:41.704,2026-04-18 23:24:41.704,AI251,,True,2026-04-18 23:24:41.704,False,44.0,False,2026-04-18,MAA → DEL
SJ042,SpiceJet,HYD,CCU,2026-04-18 22:38:41.701,2026-04-19 02:20:41.701,SJ042,,True,2026-04-19 02:20:41.701,True,222.0,False,2026-04-18,HYD → CCU
UK126,Vistara,CCU,DEL,2026-04-18 22:37:41.702,2026-04-19 00:03:41.702,UK126,,True,2026-04-19 00:03:41.702,True,86.0,False,2026-04-18,CCU → DEL
AI116,Air India,CCU,BOM,2026-04-18 22:30:41.702,2026-04-19 01:57:41.702,AI116,,True,2026-04-19 01:57:41.702,True,207.0,False,2026-04-18,CCU → BOM
SJ209,SpiceJet,BLR,BOM,2026-04-18 22:22:41.703,2026-04-19 02:03:41.703,SJ209,,True,2026-04-19 02:03:41.703,True,221.0,False,2026-04-18,BLR → BOM
AI123,Air India,MAA,BOM,2026-04-18 22:19:41.702,2026-04-19 00:45:41.702,AI123,,True,2026-04-19 00:45:41.702,True,146.0,False,2026-04-18,MAA → BOM
UK012,Vistara,MAA,BOM,2026-04-18 22:16:41.701,2026-04-19 00:25:41.701,UK012,,True,2026-04-19 00:25:41.701,True,129.0,False,2026-04-18,MAA → BOM
SJ188,SpiceJet,BLR,BOM,2026-04-18 22:15:41.703,2026-04-18 22:55:41.703,SJ188,,True,2026-04-18 22:55:41.703,False,40.0,False,2026-04-18,BLR → BOM
UK096,Vistara,BLR,HYD,2026-04-18 22:11:41.702,2026-04-19 00:06:41.702,UK096,,True,2026-04-19 00:06:41.702,True,115.0,False,2026-04-18,BLR → HYD
SJ046,SpiceJet,BOM,MAA,2026-04-18 22:01:41.701,2026-04-19 01:25:41.701,SJ046,,True,2026-04-19 01:25:41.701,True,204.0,False,2026-04-18,BOM → MAA
UK081,Unknown,BLR,DEL,2026-04-18 22:00:41.702,2026-04-18 23:00:41.702,UK081,,True,2026-04-18 23:00:41.702,False,60.0,False,2026-04-18,BLR → DEL
UK191,Vistara,MAA,BLR,2026-04-18 21:51:41.703,2026-04-18 22:57:41.703,UK191,,True,2026-04-18 22:57:41.703,False,66.0,False,2026-04-18,MAA → BLR
AI005,Air India,DEL,CCU,2026-04-18 21:24:41.701,2026-04-18 22:11:41.701,AI005,,True,2026-04-18 22:11:41.701,False,47.0,False,2026-04-18,DEL → CCU
AI169,Air India,CCU,DEL,2026-04-18 21:21:41.703,2026-04-19 01:34:41.703,AI169,,True,2026-04-19 01:34:41.703,True,253.0,False,2026-04-18,CCU → DEL
UK035,Vistara,HYD,BOM,2026-04-18 21:08:41.701,2026-04-18 22:24:41.701,UK035,,True,2026-04-18 22:24:41.701,False,76.0,False,2026-04-18,HYD → BOM
AI040,Air India,HYD,BLR,2026-04-18 21:01:41.701,2026-04-18 22:42:41.701,AI040,,True,2026-04-18 22:42:41.701,False,101.0,False,2026-04-18,HYD → BLR
UK042,Vistara,MAA,BOM,2026-04-18 20:59:41.701,2026-04-19 01:38:41.701,UK042,,True,2026-04-19 01:38:41.701,True,279.0,False,2026-04-18,MAA → BOM
SJ171,SpiceJet,DEL,HYD,2026-04-18 20:52:41.703,2026-04-18 23:52:41.703,SJ171,,True,2026-04-18 23:52:41.703,False,180.0,False,2026-04-18,DEL → HYD
AI250,Unknown,BOM,CCU,2026-04-18 20:48:41.704,2026-04-19 00:12:41.704,AI250,,True,2026-04-19 00:12:41.704,True,204.0,False,2026-04-18,BOM → CCU
SJ195,SpiceJet,BOM,CCU,2026-04-18 20:41:41.703,2026-04-18 23:54:41.703,SJ195,,True,2026-04-18 23:54:41.703,False,193.0,False,2026-04-18,BOM → CCU
UK211,Vistara,MAA,CCU,2026-04-18 20:39:41.704,2026-04-18 22:02:41.704,UK211,,True,2026-04-18 22:02:41.704,False,83.0,False,2026-04-18,MAA → CCU
UK122,Vistara,HYD,CCU,2026-04-18 20:29:42.000,2026-04-18 23:29:42.000,UK122,,True,2026-04-18 23:29:42.000,False,180.0,False,2026-04-18,HYD → CCU
AI136,Air India,BLR,DEL,2026-04-18 20:29:41.702,2026-04-18 23:48:41.702,AI136,,True,2026-04-18 23:48:41.702,False,199.0,False,2026-04-18,BLR → DEL
UK006,Vistara,MAA,CCU,2026-04-18 20:16:41.701,2026-04-18 21:55:41.701,UK006,,True,2026-04-18 21:55:41.701,False,99.0,False,2026-04-18,MAA → CCU
SJ165,SpiceJet,CCU,BOM,2026-04-18 20:08:41.703,2026-04-18 23:18:41.703,SJ165,,True,2026-04-18 23:18:41.703,False,190.0,False,2026-04-18,CCU → BOM
AI131,Air India,MAA,BOM,2026-04-18 19:55:41.702,2026-04-18 22:35:41.702,AI131,,True,2026-04-18 22:35:41.702,False,160.0,False,2026-04-18,MAA → BOM
AI027,Air India,BOM,MAA,2026-04-18 19:41:41.701,2026-04-18 23:23:41.701,AI027,,True,2026-04-18 23:23:41.701,False,222.0,False,2026-04-18,BOM → MAA
AI238,Air India,CCU,MAA,2026-04-18 19:25:41.704,2026-04-19 00:07:41.704,AI238,,True,2026-04-19 00:07:41.704,True,282.0,False,2026-04-18,CCU → MAA
SJ105,SpiceJet,BOM,HYD,2026-04-18 19:22:41.702,2026-04-18 22:48:41.702,SJ105,,True,2026-04-18 22:48:41.702,False,206.0,False,2026-04-18,BOM → HYD
UK088,Unknown,MAA,BLR,2026-04-18 19:16:41.702,2026-04-18 23:36:41.702,UK088,,True,2026-04-18 23:36:41.702,False,260.0,False,2026-04-18,MAA → BLR
AI133,Air India,DEL,CCU,2026-04-18 19:12:41.702,2026-04-18 21:32:41.702,AI133,,True,2026-04-18 21:32:41.702,False,140.0,False,2026-04-18,DEL → CCU
AI001,Air India,DEL,HYD,2026-04-18 19:00:41.700,2026-04-18 22:03:41.700,AI001,,True,2026-04-18 22:03:41.700,False,183.0,False,2026-04-18,DEL → HYD
SJ133,SpiceJet,BOM,CCU,2026-04-18 18:50:41.702,2026-04-18 21:29:41.702,SJ133,,True,2026-04-18 21:29:41.702,False,159.0,False,2026-04-18,BOM → CCU
SJ216,SpiceJet,BOM,CCU,2026-04-18 18:35:41.703,2026-04-18 21:31:41.703,SJ216,,True,2026-04-18 21:31:41.703,False,176.0,False,2026-04-18,BOM → CCU
SJ225,Unknown,DEL,HYD,2026-04-18 18:16:41.704,2026-04-18 20:53:41.704,SJ225,,True,2026-04-18 20:53:41.704,False,157.0,False,2026-04-18,DEL → HYD
AI147,Air India,HYD,CCU,2026-04-18 18:14:41.703,2026-04-18 20:10:41.703,AI147,,True,2026-04-18 20:10:41.703,False,116.0,False,2026-04-18,HYD → CCU
SJ054,SpiceJet,MAA,BLR,2026-04-18 18:13:41.701,2026-04-18 22:46:41.701,SJ054,,True,2026-04-18 22:46:41.701,False,273.0,False,2026-04-18,MAA → BLR
SJ066,SpiceJet,HYD,CCU,2026-04-18 17:47:41.701,2026-04-18 19:03:41.701,SJ066,,True,2026-04-18 19:03:41.701,False,76.0,False,2026-04-18,HYD → CCU
SJ183,SpiceJet,CCU,DEL,2026-04-18 17:44:41.703,2026-04-18 19:40:41.703,SJ183,,True,2026-04-18 19:40:41.703,False,116.0,False,2026-04-18,CCU → DEL
SJ151,SpiceJet,BOM,CCU,2026-04-18 17:44:41.702,2026-04-18 19:16:41.702,SJ151,,True,2026-04-18 19:16:41.702,False,92.0,False,2026-04-18,BOM → CCU
SJ071,SpiceJet,CCU,MAA,2026-04-18 17:43:41.701,2026-04-18 19:32:41.701,SJ071,,True,2026-04-18 19:32:41.701,False,109.0,False,2026-04-18,CCU → MAA
SJ102,SpiceJet,MAA,CCU,2026-04-18 17:26:41.702,2026-04-18 18:58:41.702,SJ102,,True,2026-04-18 18:58:41.702,False,92.0,False,2026-04-18,MAA → CCU
AI209,Air India,BLR,CCU,2026-04-18 17:25:41.703,2026-04-18 18:37:41.703,AI209,,True,2026-04-18 18:37:41.703,False,72.0,False,2026-04-18,BLR → CCU
AI050,Air India,BLR,BOM,2026-04-18 17:07:41.701,2026-04-18 19:42:41.701,AI050,,True,2026-04-18 19:42:41.701,False,155.0,False,2026-04-18,BLR → BOM
SJ189,SpiceJet,HYD,BLR,2026-04-18 17:05:41.703,2026-04-18 22:01:41.703,SJ189,,True,2026-04-18 22:01:41.703,False,296.0,False,2026-04-18,HYD → BLR
UK112,Unknown,CCU,DEL,2026-04-18 17:05:41.702,2026-04-18 19:47:41.702,UK112,,True,2026-04-18 19:47:41.702,False,162.0,False,2026-04-18,CCU → DEL
AI011,Air India,CCU,BOM,2026-04-18 16:58:41.701,2026-04-18 21:01:41.701,AI011,,True,2026-04-18 21:01:41.701,False,243.0,False,2026-04-18,CCU → BOM
UK082,Vistara,DEL,BOM,2026-04-18 16:50:41.702,2026-04-18 21:21:41.702,UK082,,True,2026-04-18 21:21:41.702,False,271.0,False,2026-04-18,DEL → BOM
UK138,Vistara,DEL,BLR,2026-04-18 16:47:41.703,2026-04-18 19:36:41.703,UK138,,True,2026-04-18 19:36:41.703,False,169.0,False,2026-04-18,DEL → BLR
UK198,Vistara,DEL,BLR,2026-04-18 16:43:41.703,2026-04-18 18:18:41.703,UK198,,True,2026-04-18 18:18:41.703,False,95.0,False,2026-04-18,DEL → BLR
SJ024,SpiceJet,DEL,MAA,2026-04-18 16:29:41.701,2026-04-18 20:21:41.701,SJ024,,True,2026-04-18 20:21:41.701,False,232.0,False,2026-04-18,DEL → MAA
AI197,Air India,BOM,CCU,2026-04-18 16:25:41.703,2026-04-18 20:00:41.703,AI197,,True,2026-04-18 20:00:41.703,False,215.0,False,2026-04-18,BOM → CCU
SJ211,SpiceJet,MAA,BOM,2026-04-18 16:22:41.703,2026-04-18 18:34:41.703,SJ211,,True,2026-04-18 18:34:41.703,False,132.0,False,2026-04-18,MAA → BOM
AI253,Air India,BLR,BOM,2026-04-18 16:13:41.704,2026-04-18 19:51:41.704,AI253,,True,2026-04-18 19:51:41.704,False,218.0,False,2026-04-18,BLR → BOM
UK060,Vistara,BLR,CCU,2026-04-18 16:09:41.701,2026-04-18 19:42:41.701,UK060,,True,2026-04-18 19:42:41.701,False,213.0,False,2026-04-18,BLR → CCU
SJ135,SpiceJet,MAA,CCU,2026-04-18 16:03:41.702,2026-04-18 19:48:41.702,SJ135,,True,2026-04-18 19:48:41.702,False,225.0,False,2026-04-18,MAA → CCU
AI247,Air India,BOM,CCU,2026-04-18 15:58:41.704,2026-04-18 19:02:41.704,AI247,,True,2026-04-18 19:02:41.704,False,184.0,False,2026-04-18,BOM → CCU
UK127,Vistara,BOM,HYD,2026-04-18 15:56:41.702,2026-04-18 20:00:41.702,UK127,,True,2026-04-18 20:00:41.702,False,244.0,False,2026-04-18,BOM → HYD
AI109,Air India,BLR,BOM,2026-04-18 15:53:41.702,2026-04-18 20:14:41.702,AI109,,True,2026-04-18 20:14:41.702,False,261.0,False,2026-04-18,BLR → BOM
AI057,Air India,BOM,CCU,2026-04-18 15:53:41.701,2026-04-18 19:22:41.701,AI057,,True,2026-04-18 19:22:41.701,False,209.0,False,2026-04-18,BOM → CCU
SJ144,SpiceJet,BLR,BOM,2026-04-18 15:35:41.702,2026-04-18 19:12:41.702,SJ144,,True,2026-04-18 19:12:41.702,False,217.0,False,2026-04-18,BLR → BOM
UK057,Vistara,CCU,DEL,2026-04-18 15:25:41.701,2026-04-18 20:04:41.701,UK057,,True,2026-04-18 20:04:41.701,False,279.0,False,2026-04-18,CCU → DEL
AI201,Air India,BLR,CCU,2026-04-18 15:19:41.703,2026-04-18 16:40:41.703,AI201,,True,2026-04-18 16:40:41.703,False,81.0,False,2026-04-18,BLR → CCU
SJ242,SpiceJet,BLR,HYD,2026-04-18 14:55:41.704,2026-04-18 17:42:41.704,SJ242,,True,2026-04-18 17:42:41.704,False,167.0,False,2026-04-18,BLR → HYD
SJ132,SpiceJet,MAA,DEL,2026-04-18 14:44:41.702,2026-04-18 15:36:41.702,SJ132,,True,2026-04-18 15:36:41.702,False,52.0,False,2026-04-18,MAA → DEL
AI055,Air India,CCU,BOM,2026-04-18 14:39:41.701,2026-04-18 16:18:41.701,AI055,,True,2026-04-18 16:18:41.701,False,99.0,False,2026-04-18,CCU → BOM
AI183,Air India,DEL,CCU,2026-04-18 14:24:41.703,2026-04-18 16:06:41.703,AI183,,True,2026-04-18 16:06:41.703,False,102.0,False,2026-04-18,DEL → CCU
SJ125,SpiceJet,DEL,BLR,2026-04-18 14:21:41.702,2026-04-18 16:55:41.702,SJ125,,True,2026-04-18 16:55:41.702,False,154.0,False,2026-04-18,DEL → BLR
SJ087,SpiceJet,BOM,DEL,2026-04-18 14:20:41.702,2026-04-18 19:09:41.702,SJ087,,True,2026-04-18 19:09:41.702,False,289.0,False,2026-04-18,BOM → DEL
UK182,Vistara,HYD,CCU,2026-04-18 14:19:41.703,2026-04-18 18:25:41.703,UK182,,True,2026-04-18 18:25:41.703,False,246.0,False,2026-04-18,HYD → CCU
AI016,Air India,BOM,CCU,2026-04-18 14:15:41.701,2026-04-18 18:38:41.701,AI016,,True,2026-04-18 18:38:41.701,False,263.0,False,2026-04-18,BOM → CCU
AI026,Air India,DEL,BOM,2026-04-18 14:14:41.701,2026-04-18 15:13:41.701,AI026,,True,2026-04-18 15:13:41.701,False,59.0,False,2026-04-18,DEL → BOM
AI177,Air India,CCU,HYD,2026-04-18 14:11:41.703,2026-04-18 16:26:41.703,AI177,,True,2026-04-18 16:26:41.703,False,135.0,False,2026-04-18,CCU → HYD
AI041,Air India,BOM,BLR,2026-04-18 14:08:41.701,2026-04-18 15:59:41.701,AI041,,True,2026-04-18 15:59:41.701,False,111.0,False,2026-04-18,BOM → BLR
AI004,Air India,HYD,MAA,2026-04-18 13:58:41.701,2026-04-18 18:12:41.701,AI004,,True,2026-04-18 18:12:41.701,False,254.0,False,2026-04-18,HYD → MAA
SJ126,SpiceJet,DEL,BLR,2026-04-18 13:47:41.702,2026-04-18 16:31:41.702,SJ126,,True,2026-04-18 16:31:41.702,False,164.0,False,2026-04-18,DEL → BLR
SJ220,SpiceJet,BOM,CCU,2026-04-18 13:45:41.703,2026-04-18 15:21:41.703,SJ220,,True,2026-04-18 15:21:41.703,False,96.0,False,2026-04-18,BOM → CCU
AI204,Air India,CCU,MAA,2026-04-18 13:40:41.703,2026-04-18 18:38:41.703,AI204,,True,2026-04-18 18:38:41.703,False,298.0,False,2026-04-18,CCU → MAA
UK098,Vistara,CCU,DEL,2026-04-18 13:38:41.702,2026-04-18 17:54:41.702,UK098,,True,2026-04-18 17:54:41.702,False,256.0,False,2026-04-18,CCU → DEL
AI090,Air India,MAA,CCU,2026-04-18 13:37:41.702,2026-04-18 16:11:41.702,AI090,,True,2026-04-18 16:11:41.702,False,154.0,False,2026-04-18,MAA → CCU
AI092,Air India,CCU,BOM,2026-04-18 13:36:41.702,2026-04-18 16:20:41.702,AI092,,True,2026-04-18 16:20:41.702,False,164.0,False,2026-04-18,CCU → BOM
AI049,Air India,CCU,MAA,2026-04-18 13:35:41.701,2026-04-18 15:48:41.701,AI049,,True,2026-04-18 15:48:41.701,False,133.0,False,2026-04-18,CCU → MAA
UK117,Vistara,BLR,BOM,2026-04-18 13:17:41.702,2026-04-18 16:54:41.702,UK117,,True,2026-04-18 16:54:41.702,False,217.0,False,2026-04-18,BLR → BOM
AI228,Air India,BLR,BOM,2026-04-18 13:16:41.703,2026-04-18 17:44:41.703,AI228,,True,2026-04-18 17:44:41.703,False,268.0,False,2026-04-18,BLR → BOM
SJ164,SpiceJet,CCU,MAA,2026-04-18 13:14:41.703,2026-04-18 15:14:42.000,SJ164,,True,2026-04-18 15:14:42.000,False,120.00495,False,2026-04-18,CCU → MAA
AI018,Air India,BOM,CCU,2026-04-18 13:12:41.701,2026-04-18 18:04:41.701,AI018,,True,2026-04-18 18:04:41.701,False,292.0,False,2026-04-18,BOM → CCU
UK192,Vistara,HYD,DEL,2026-04-18 12:54:41.703,2026-04-18 13:54:42.000,UK192,,True,2026-04-18 13:54:42.000,False,60.00495,False,2026-04-18,HYD → DEL
SJ224,SpiceJet,DEL,MAA,2026-04-18 12:41:41.703,2026-04-18 15:33:41.703,SJ224,,True,2026-04-18 15:33:41.703,False,172.0,False,2026-04-18,DEL → MAA
UK050,Vistara,BOM,DEL,2026-04-18 12:39:41.701,2026-04-18 13:18:41.701,UK050,,True,2026-04-18 13:18:41.701,False,39.0,False,2026-04-18,BOM → DEL
SJ159,SpiceJet,CCU,DEL,2026-04-18 12:22:41.703,2026-04-18 14:05:41.703,SJ159,,True,2026-04-18 14:05:41.703,False,103.0,False,2026-04-18,CCU → DEL
UK038,Vistara,MAA,CCU,2026-04-18 12:22:41.701,2026-04-18 15:31:41.701,UK038,,True,2026-04-18 15:31:41.701,False,189.0,False,2026-04-18,MAA → CCU
AI185,Air India,CCU,BOM,2026-04-18 12:16:41.703,2026-04-18 16:18:41.703,AI185,,True,2026-04-18 16:18:41.703,False,242.0,False,2026-04-18,CCU → BOM
SJ152,SpiceJet,BOM,DEL,2026-04-18 12:09:41.702,2026-04-18 13:50:41.702,SJ152,,True,2026-04-18 13:50:41.702,False,101.0,False,2026-04-18,BOM → DEL
AI215,Air India,BLR,DEL,2026-04-18 12:07:41.703,2026-04-18 13:43:41.703,AI215,,True,2026-04-18 13:43:41.703,False,96.0,False,2026-04-18,BLR → DEL
AI074,Air India,CCU,BOM,2026-04-18 12:03:41.702,2026-04-18 12:50:41.702,AI074,,True,2026-04-18 12:50:41.702,False,47.0,False,2026-04-18,CCU → BOM
SJ111,SpiceJet,DEL,MAA,2026-04-18 11:47:41.702,2026-04-18 12:59:41.702,SJ111,,True,2026-04-18 12:59:41.702,False,72.0,False,2026-04-18,DEL → MAA
UK092,Vistara,MAA,BLR,2026-04-18 11:42:41.702,2026-04-18 13:17:41.702,UK092,,True,2026-04-18 13:17:41.702,False,95.0,False,2026-04-18,MAA → BLR
UK009,Vistara,BOM,DEL,2026-04-18 11:34:41.701,2026-04-18 13:41:41.701,UK009,,True,2026-04-18 13:41:41.701,False,127.0,False,2026-04-18,BOM → DEL
AI170,Air India,HYD,DEL,2026-04-18 11:27:41.703,2026-04-18 15:50:41.703,AI170,,True,2026-04-18 15:50:41.703,False,263.0,False,2026-04-18,HYD → DEL
UK128,Vistara,BOM,CCU,2026-04-18 11:22:41.702,2026-04-18 14:11:41.702,UK128,,True,2026-04-18 14:11:41.702,False,169.0,False,2026-04-18,BOM → CCU
AI186,Air India,DEL,BOM,2026-04-18 11:11:41.703,2026-04-18 13:05:41.703,AI186,,True,2026-04-18 13:05:41.703,False,114.0,False,2026-04-18,DEL → BOM
AI099,Air India,BLR,BOM,2026-04-18 11:07:41.702,2026-04-18 13:29:41.702,AI099,,True,2026-04-18 13:29:41.702,False,142.0,False,2026-04-18,BLR → BOM
UK139,Unknown,BLR,MAA,2026-04-18 10:54:41.703,2026-04-18 14:31:41.703,UK139,,True,2026-04-18 14:31:41.703,False,217.0,False,2026-04-18,BLR → MAA
UK139,Unknown,BLR,MAA,2026-04-18 10:54:41.703,2026-04-18 14:31:41.703,UK139,,True,2026-04-18 14:31:41.703,False,217.0,False,2026-04-18,BLR → MAA
SJ008,SpiceJet,HYD,BLR,2026-04-18 10:53:41.701,2026-04-18 15:48:41.701,SJ008,,True,2026-04-18 15:48:41.701,False,295.0,False,2026-04-18,HYD → BLR
AI171,Air India,MAA,BLR,2026-04-18 10:51:41.703,2026-04-18 13:34:41.703,AI171,,True,2026-04-18 13:34:41.703,False,163.0,False,2026-04-18,MAA → BLR
AI008,Air India,BOM,CCU,2026-04-18 10:43:41.701,2026-04-18 12:43:42.000,AI008,,True,2026-04-18 12:43:42.000,False,120.00498333333331,False,2026-04-18,BOM → CCU
SJ140,Unknown,HYD,DEL,2026-04-18 10:42:41.702,2026-04-18 14:30:41.702,SJ140,,True,2026-04-18 14:30:41.702,False,228.0,False,2026-04-18,HYD → DEL
UK016,Vistara,DEL,CCU,2026-04-18 10:42:41.701,2026-04-18 11:22:41.701,UK016,,True,2026-04-18 11:22:41.701,False,40.0,False,2026-04-18,DEL → CCU
AI127,Air India,DEL,HYD,2026-04-18 10:37:41.702,2026-04-18 13:45:41.702,AI127,,True,2026-04-18 13:45:41.702,False,188.0,False,2026-04-18,DEL → HYD
SJ096,Unknown,DEL,HYD,2026-04-18 10:29:41.702,2026-04-18 13:45:41.702,SJ096,,True,2026-04-18 13:45:41.702,False,196.0,False,2026-04-18,DEL → HYD
SJ090,SpiceJet,HYD,MAA,2026-04-18 10:24:41.702,2026-04-18 13:11:41.702,SJ090,,True,2026-04-18 13:11:41.702,False,167.0,False,2026-04-18,HYD → MAA
AI014,Air India,HYD,MAA,2026-04-18 10:24:41.701,2026-04-18 13:51:41.701,AI014,,True,2026-04-18 13:51:41.701,False,207.0,False,2026-04-18,HYD → MAA
AI130,Air India,BOM,BLR,2026-04-18 10:18:41.702,2026-04-18 12:59:41.702,AI130,,True,2026-04-18 12:59:41.702,False,161.0,False,2026-04-18,BOM → BLR
UK151,Unknown,BOM,CCU,2026-04-18 10:11:41.703,2026-04-18 13:30:41.703,UK151,,True,2026-04-18 13:30:41.703,False,199.0,False,2026-04-18,BOM → CCU
UK161,Vistara,BLR,BOM,2026-04-18 10:05:41.703,2026-04-18 12:48:41.703,UK161,,True,2026-04-18 12:48:41.703,False,163.0,False,2026-04-18,BLR → BOM
AI107,Air India,HYD,CCU,2026-04-18 10:03:41.702,2026-04-18 10:49:41.702,AI107,,True,2026-04-18 10:49:41.702,False,46.0,False,2026-04-18,HYD → CCU
SJ104,SpiceJet,HYD,DEL,2026-04-18 10:00:41.702,2026-04-18 11:00:42.000,SJ104,,True,2026-04-18 11:00:42.000,False,60.00496666666666,False,2026-04-18,HYD → DEL
AI042,Air India,CCU,DEL,2026-04-18 09:53:41.701,2026-04-18 10:57:41.701,AI042,,True,2026-04-18 10:57:41.701,False,64.0,False,2026-04-18,CCU → DEL
SJ219,SpiceJet,BOM,DEL,2026-04-18 09:32:41.703,2026-04-18 14:09:41.703,SJ219,,True,2026-04-18 14:09:41.703,False,277.0,False,2026-04-18,BOM → DEL
UK197,Vistara,BLR,HYD,2026-04-18 09:22:41.703,2026-04-18 10:54:41.703,UK197,,True,2026-04-18 10:54:41.703,False,92.0,False,2026-04-18,BLR → HYD
SJ058,SpiceJet,DEL,HYD,2026-04-18 08:58:41.701,2026-04-18 13:14:41.701,SJ058,,True,2026-04-18 13:14:41.701,False,256.0,False,2026-04-18,DEL → HYD
AI218,Air India,BOM,CCU,2026-04-18 08:55:41.703,2026-04-18 11:55:41.703,AI218,,True,2026-04-18 11:55:41.703,False,180.0,False,2026-04-18,BOM → CCU
SJ060,SpiceJet,HYD,CCU,2026-04-18 08:51:41.701,2026-04-18 13:46:41.701,SJ060,,True,2026-04-18 13:46:41.701,False,295.0,False,2026-04-18,HYD → CCU
UK121,Vistara,BLR,BOM,2026-04-18 08:36:41.702,2026-04-18 12:36:41.702,UK121,,True,2026-04-18 12:36:41.702,False,240.0,False,2026-04-18,BLR → BOM
AI117,Air India,HYD,BLR,2026-04-18 08:18:41.702,2026-04-18 10:09:41.702,AI117,,True,2026-04-18 10:09:41.702,False,111.0,False,2026-04-18,HYD → BLR
SJ113,SpiceJet,BLR,BOM,2026-04-18 08:10:41.702,2026-04-18 10:10:42.000,SJ113,,True,2026-04-18 10:10:42.000,False,120.00496666666666,False,2026-04-18,BLR → BOM
AI191,Air India,BLR,MAA,2026-04-18 07:57:41.703,2026-04-18 11:58:41.703,AI191,,True,2026-04-18 11:58:41.703,False,241.0,False,2026-04-18,BLR → MAA
AI114,Air India,CCU,DEL,2026-04-18 07:48:41.702,2026-04-18 09:03:41.702,AI114,,True,2026-04-18 09:03:41.702,False,75.0,False,2026-04-18,CCU → DEL
UK045,Vistara,MAA,HYD,2026-04-18 07:43:41.701,2026-04-18 09:28:41.701,UK045,,True,2026-04-18 09:28:41.701,False,105.0,False,2026-04-18,MAA → HYD
AI111,Air India,MAA,CCU,2026-04-18 07:40:41.702,2026-04-18 10:39:41.702,AI111,,True,2026-04-18 10:39:41.702,False,179.0,False,2026-04-18,MAA → CCU
AI156,Air India,CCU,BOM,2026-04-18 07:39:41.703,2026-04-18 09:22:41.703,AI156,,True,2026-04-18 09:22:41.703,False,103.0,False,2026-04-18,CCU → BOM
SJ128,SpiceJet,CCU,BLR,2026-04-18 07:39:41.702,2026-04-18 10:42:41.702,SJ128,,True,2026-04-18 10:42:41.702,False,183.0,False,2026-04-18,CCU → BLR
AI104,Air India,MAA,HYD,2026-04-18 07:35:41.702,2026-04-18 09:20:41.702,AI104,,True,2026-04-18 09:20:41.702,False,105.0,False,2026-04-18,MAA → HYD
UK137,Vistara,BOM,MAA,2026-04-18 07:04:41.703,2026-04-18 09:14:41.703,UK137,,True,2026-04-18 09:14:41.703,False,130.0,False,2026-04-18,BOM → MAA
AI063,Air India,HYD,BLR,2026-04-18 07:03:41.701,2026-04-18 11:26:41.701,AI063,,True,2026-04-18 11:26:41.701,False,263.0,False,2026-04-18,HYD → BLR
SJ156,SpiceJet,BOM,DEL,2026-04-18 06:59:41.703,2026-04-18 07:34:41.703,SJ156,,True,2026-04-18 07:34:41.703,False,35.0,False,2026-04-18,BOM → DEL
UK125,Vistara,HYD,BOM,2026-04-18 06:58:41.702,2026-04-18 11:44:41.702,UK125,,True,2026-04-18 11:44:41.702,False,286.0,False,2026-04-18,HYD → BOM
AI232,Air India,DEL,BLR,2026-04-18 06:43:41.704,2026-04-18 10:13:41.704,AI232,,True,2026-04-18 10:13:41.704,False,210.0,False,2026-04-18,DEL → BLR
AI167,Air India,BLR,DEL,2026-04-18 06:43:41.703,2026-04-18 11:10:41.703,AI167,,True,2026-04-18 11:10:41.703,False,267.0,False,2026-04-18,BLR → DEL
UK160,Vistara,BLR,BOM,2026-04-18 06:42:41.703,2026-04-18 10:58:41.703,UK160,,True,2026-04-18 10:58:41.703,False,256.0,False,2026-04-18,BLR → BOM
UK160,Vistara,BLR,BOM,2026-04-18 06:42:41.703,2026-04-18 10:58:41.703,UK160,,True,2026-04-18 10:58:41.703,False,256.0,False,2026-04-18,BLR → BOM
UK129,Vistara,HYD,MAA,2026-04-18 06:29:41.702,2026-04-18 07:29:42.000,UK129,,True,2026-04-18 07:29:42.000,False,60.00496666666666,False,2026-04-18,HYD → MAA
SJ230,SpiceJet,BOM,CCU,2026-04-18 06:22:41.704,2026-04-18 10:57:41.704,SJ230,,True,2026-04-18 10:57:41.704,False,275.0,False,2026-04-18,BOM → CCU
SJ056,SpiceJet,HYD,DEL,2026-04-18 06:11:41.701,2026-04-18 07:10:41.701,SJ056,,True,2026-04-18 07:10:41.701,False,59.0,False,2026-04-18,HYD → DEL
SJ137,SpiceJet,CCU,DEL,2026-04-18 06:08:41.702,2026-04-18 10:14:41.702,SJ137,,True,2026-04-18 10:14:41.702,False,246.0,False,2026-04-18,CCU → DEL
UK214,Vistara,HYD,DEL,2026-04-18 05:30:41.704,2026-04-18 09:10:41.704,UK214,,True,2026-04-18 09:10:41.704,False,220.0,False,2026-04-18,HYD → DEL
SJ101,SpiceJet,CCU,DEL,2026-04-18 05:17:41.702,2026-04-18 06:57:41.702,SJ101,,True,2026-04-18 06:57:41.702,False,100.0,False,2026-04-18,CCU → DEL
AI017,Air India,CCU,BOM,2026-04-18 05:15:41.701,2026-04-18 08:48:41.701,AI017,,True,2026-04-18 08:48:41.701,False,213.0,False,2026-04-18,CCU → BOM
AI194,Air India,MAA,BLR,2026-04-18 05:09:41.703,2026-04-18 09:38:41.703,AI194,,True,2026-04-18 09:38:41.703,False,269.0,False,2026-04-18,MAA → BLR
AI095,Air India,DEL,MAA,2026-04-18 05:00:41.702,2026-04-18 08:18:41.702,AI095,,True,2026-04-18 08:18:41.702,False,198.0,False,2026-04-18,DEL → MAA
SJ190,SpiceJet,BOM,CCU,2026-04-18 04:57:41.703,2026-04-18 09:25:41.703,SJ190,,True,2026-04-18 09:25:41.703,False,268.0,False,2026-04-18,BOM → CCU
UK011,Vistara,CCU,DEL,2026-04-18 04:41:41.701,2026-04-18 06:25:41.701,UK011,,True,2026-04-18 06:25:41.701,False,104.0,False,2026-04-18,CCU → DEL
UK033,Vistara,HYD,DEL,2026-04-18 04:34:41.701,2026-04-18 09:18:41.701,UK033,,True,2026-04-18 09:18:41.701,False,284.0,False,2026-04-18,HYD → DEL
SJ231,SpiceJet,DEL,BLR,2026-04-18 04:23:41.704,2026-04-18 05:48:41.704,SJ231,,True,2026-04-18 05:48:41.704,False,85.0,False,2026-04-18,DEL → BLR
AI166,Air India,BOM,CCU,2026-04-18 04:20:41.703,2026-04-18 07:23:41.703,AI166,,True,2026-04-18 07:23:41.703,False,183.0,False,2026-04-18,BOM → CCU
SJ176,SpiceJet,DEL,BOM,2026-04-18 04:15:41.703,2026-04-18 06:17:41.703,SJ176,,True,2026-04-18 06:17:41.703,False,122.0,False,2026-04-18,DEL → BOM
SJ065,SpiceJet,MAA,BLR,2026-04-18 04:10:41.701,2026-04-18 06:54:41.701,SJ065,,True,2026-04-18 06:54:41.701,False,164.0,False,2026-04-18,MAA → BLR
AI089,Air India,CCU,BOM,2026-04-18 04:05:41.702,2026-04-18 04:47:41.702,AI089,,True,2026-04-18 04:47:41.702,False,42.0,False,2026-04-18,CCU → BOM
UK226,Vistara,MAA,HYD,2026-04-18 03:58:41.704,2026-04-18 05:01:41.704,UK226,,True,2026-04-18 05:01:41.704,False,63.0,False,2026-04-18,MAA → HYD
SJ123,SpiceJet,BOM,CCU,2026-04-18 03:57:41.702,2026-04-18 05:25:41.702,SJ123,,True,2026-04-18 05:25:41.702,False,88.0,False,2026-04-18,BOM → CCU
AI054,Air India,HYD,CCU,2026-04-18 03:44:41.701,2026-04-18 08:10:41.701,AI054,,True,2026-04-18 08:10:41.701,False,266.0,False,2026-04-18,HYD → CCU
UK019,Vistara,BOM,HYD,2026-04-18 03:41:41.701,2026-04-18 04:35:41.701,UK019,,True,2026-04-18 04:35:41.701,False,54.0,False,2026-04-18,BOM → HYD
UK032,Vistara,BLR,BOM,2026-04-18 03:31:41.701,2026-04-18 07:28:41.701,UK032,,True,2026-04-18 07:28:41.701,False,237.0,False,2026-04-18,BLR → BOM
SJ100,SpiceJet,MAA,BLR,2026-04-18 03:28:41.702,2026-04-18 06:50:41.702,SJ100,,True,2026-04-18 06:50:41.702,False,202.0,False,2026-04-18,MAA → BLR
SJ094,SpiceJet,MAA,HYD,2026-04-18 03:23:41.702,2026-04-18 08:07:41.702,SJ094,,True,2026-04-18 08:07:41.702,False,284.0,False,2026-04-18,MAA → HYD
AI006,Air India,BOM,BLR,2026-04-18 03:04:41.701,2026-04-18 05:54:41.701,AI006,,True,2026-04-18 05:54:41.701,False,170.0,False,2026-04-18,BOM → BLR
AI195,Air India,CCU,MAA,2026-04-18 02:58:41.703,2026-04-18 04:57:41.703,AI195,,True,2026-04-18 04:57:41.703,False,119.0,False,2026-04-18,CCU → MAA
UK072,Vistara,BOM,BLR,2026-04-18 02:55:41.702,2026-04-18 05:55:42.000,UK072,,True,2026-04-18 05:55:42.000,False,180.0049666666667,False,2026-04-18,BOM → BLR
AI244,Air India,BLR,BOM,2026-04-18 02:50:41.704,2026-04-18 03:25:41.704,AI244,,True,2026-04-18 03:25:41.704,False,35.0,False,2026-04-18,BLR → BOM
SJ059,SpiceJet,CCU,DEL,2026-04-18 02:50:41.701,2026-04-18 04:06:41.701,SJ059,,True,2026-04-18 04:06:41.701,False,76.0,False,2026-04-18,CCU → DEL
SJ009,SpiceJet,CCU,BLR,2026-04-18 02:48:41.701,2026-04-18 04:23:41.701,SJ009,,True,2026-04-18 04:23:41.701,False,95.0,False,2026-04-18,CCU → BLR
AI121,Air India,HYD,MAA,2026-04-18 02:42:41.702,2026-04-18 06:11:41.702,AI121,,True,2026-04-18 06:11:41.702,False,209.0,False,2026-04-18,HYD → MAA
UK018,Vistara,BOM,CCU,2026-04-18 02:15:41.701,2026-04-18 04:08:41.701,UK018,,True,2026-04-18 04:08:41.701,False,113.0,False,2026-04-18,BOM → CCU
SJ129,SpiceJet,CCU,BOM,2026-04-18 01:48:41.702,2026-04-18 05:48:41.702,SJ129,,True,2026-04-18 05:48:41.702,False,240.0,False,2026-04-18,CCU → BOM
UK039,Vistara,HYD,BOM,2026-04-18 01:40:41.701,2026-04-18 02:53:41.701,UK039,,True,2026-04-18 02:53:41.701,False,73.0,False,2026-04-18,HYD → BOM
SJ233,SpiceJet,DEL,HYD,2026-04-18 01:18:41.704,2026-04-18 02:56:41.704,SJ233,,True,2026-04-18 02:56:41.704,False,98.0,False,2026-04-18,DEL → HYD
AI125,Unknown,CCU,DEL,2026-04-18 01:12:41.702,2026-04-18 04:51:41.702,AI125,,True,2026-04-18 04:51:41.702,False,219.0,False,2026-04-18,CCU → DEL
UK078,Vistara,BOM,HYD,2026-04-18 01:03:41.702,2026-04-18 04:32:41.702,UK078,,True,2026-04-18 04:32:41.702,False,209.0,False,2026-04-18,BOM → HYD
UK043,Unknown,DEL,HYD,2026-04-18 00:48:41.701,2026-04-18 04:52:41.701,UK043,,True,2026-04-18 04:52:41.701,False,244.0,False,2026-04-18,DEL → HYD
AI144,Air India,MAA,BOM,2026-04-18 00:43:41.702,2026-04-18 03:36:41.702,AI144,,True,2026-04-18 03:36:41.702,False,173.0,False,2026-04-18,MAA → BOM
UK054,Vistara,BLR,BOM,2026-04-18 00:37:41.701,2026-04-18 05:30:41.701,UK054,,True,2026-04-18 05:30:41.701,False,293.0,False,2026-04-18,BLR → BOM
UK108,Vistara,DEL,BLR,2026-04-18 00:28:41.702,2026-04-18 03:46:41.702,UK108,,True,2026-04-18 03:46:41.702,False,198.0,False,2026-04-18,DEL → BLR
AI203,Air India,BOM,CCU,2026-04-18 00:09:41.703,2026-04-18 02:56:41.703,AI203,,True,2026-04-18 02:56:41.703,False,167.0,False,2026-04-18,BOM → CCU
AI065,Unknown,MAA,BLR,2026-04-18 00:09:41.701,2026-04-18 05:00:41.701,AI065,,True,2026-04-18 05:00:41.701,False,291.0,False,2026-04-18,MAA → BLR
UK053,Vistara,BLR,BOM,2026-04-17 23:56:41.701,2026-04-18 02:46:41.701,UK053,,True,2026-04-18 02:46:41.701,True,170.0,False,2026-04-17,BLR → BOM
UK086,Vistara,CCU,BLR,2026-04-17 23:55:41.702,2026-04-18 02:27:41.702,UK086,,True,2026-04-18 02:27:41.702,True,152.0,False,2026-04-17,CCU → BLR
SJ223,SpiceJet,HYD,MAA,2026-04-17 23:54:41.703,2026-04-18 01:08:41.703,SJ223,,True,2026-04-18 01:08:41.703,True,74.0,False,2026-04-17,HYD → MAA
UK178,Vistara,DEL,BLR,2026-04-17 23:41:41.703,2026-04-18 04:09:41.703,UK178,,True,2026-04-18 04:09:41.703,True,268.0,False,2026-04-17,DEL → BLR
UK147,Vistara,CCU,DEL,2026-04-17 23:35:41.703,2026-04-18 02:55:41.703,UK147,,True,2026-04-18 02:55:41.703,True,200.0,False,2026-04-17,CCU → DEL
AI187,Air India,BLR,HYD,2026-04-17 23:32:41.703,2026-04-18 01:16:41.703,AI187,,True,2026-04-18 01:16:41.703,True,104.0,False,2026-04-17,BLR → HYD
UK213,Vistara,BOM,CCU,2026-04-17 23:21:41.704,2026-04-18 01:01:41.704,UK213,,True,2026-04-18 01:01:41.704,True,100.0,False,2026-04-17,BOM → CCU
AI035,Air India,DEL,MAA,2026-04-17 23:17:41.701,2026-04-18 00:48:41.701,AI035,,True,2026-04-18 00:48:41.701,True,91.0,False,2026-04-17,DEL → MAA
UK186,Vistara,BOM,BLR,2026-04-17 23:05:41.703,2026-04-18 02:22:41.703,UK186,,True,2026-04-18 02:22:41.703,True,197.0,False,2026-04-17,BOM → BLR
UK025,Vistara,DEL,BOM,2026-04-17 22:55:41.701,2026-04-18 02:47:41.701,UK025,,True,2026-04-18 02:47:41.701,True,232.0,False,2026-04-17,DEL → BOM
UK162,Vistara,BOM,CCU,2026-04-17 22:47:41.703,2026-04-18 00:21:41.703,UK162,,True,2026-04-18 00:21:41.703,True,94.0,False,2026-04-17,BOM → CCU
AI157,Air India,BLR,CCU,2026-04-17 22:45:41.703,2026-04-18 01:33:41.703,AI157,,True,2026-04-18 01:33:41.703,True,168.0,False,2026-04-17,BLR → CCU
SJ229,SpiceJet,CCU,DEL,2026-04-17 22:25:41.704,2026-04-18 00:27:41.704,SJ229,,True,2026-04-18 00:27:41.704,True,122.0,False,2026-04-17,CCU → DEL
AI214,Air India,CCU,DEL,2026-04-17 22:23:41.703,2026-04-18 02:49:41.703,AI214,,True,2026-04-18 02:49:41.703,True,266.0,False,2026-04-17,CCU → DEL
SJ157,SpiceJet,DEL,HYD,2026-04-17 22:11:41.703,2026-04-18 01:05:41.703,SJ157,,True,2026-04-18 01:05:41.703,True,174.0,False,2026-04-17,DEL → HYD
UK114,Vistara,HYD,CCU,2026-04-17 22:10:41.702,2026-04-17 23:58:41.702,UK114,,True,2026-04-17 23:58:41.702,False,108.0,False,2026-04-17,HYD → CCU
AI231,Air India,DEL,HYD,2026-04-17 21:52:41.704,2026-04-17 23:51:41.704,AI231,,True,2026-04-17 23:51:41.704,False,119.0,False,2026-04-17,DEL → HYD
UK103,Vistara,MAA,DEL,2026-04-17 21:52:41.702,2026-04-18 01:06:41.702,UK103,,True,2026-04-18 01:06:41.702,True,194.0,False,2026-04-17,MAA → DEL
AI066,Air India,HYD,MAA,2026-04-17 21:51:41.701,2026-04-18 00:11:41.701,AI066,,True,2026-04-18 00:11:41.701,True,140.0,False,2026-04-17,HYD → MAA
AI021,Air India,DEL,HYD,2026-04-17 21:39:41.701,2026-04-18 01:38:41.701,AI021,,True,2026-04-18 01:38:41.701,True,239.0,False,2026-04-17,DEL → HYD
AI113,Air India,CCU,HYD,2026-04-17 21:21:41.702,2026-04-17 23:51:41.702,AI113,,True,2026-04-17 23:51:41.702,False,150.0,False,2026-04-17,CCU → HYD
SJ031,SpiceJet,DEL,BOM,2026-04-17 21:20:41.701,2026-04-17 22:29:41.701,SJ031,,True,2026-04-17 22:29:41.701,False,69.0,False,2026-04-17,DEL → BOM
UK217,Vistara,MAA,CCU,2026-04-17 21:19:41.704,2026-04-17 22:14:41.704,UK217,,True,2026-04-17 22:14:41.704,False,55.0,False,2026-04-17,MAA → CCU
SJ120,SpiceJet,MAA,BLR,2026-04-17 21:19:41.702,2026-04-18 00:56:41.702,SJ120,,True,2026-04-18 00:56:41.702,True,217.0,False,2026-04-17,MAA → BLR
UK180,Vistara,CCU,MAA,2026-04-17 21:18:41.703,2026-04-17 23:29:41.703,UK180,,True,2026-04-17 23:29:41.703,False,131.0,False,2026-04-17,CCU → MAA
UK180,Vistara,CCU,MAA,2026-04-17 21:18:41.703,2026-04-17 23:29:41.703,UK180,,True,2026-04-17 23:29:41.703,False,131.0,False,2026-04-17,CCU → MAA
UK080,Vistara,BLR,MAA,2026-04-17 21:09:41.702,2026-04-17 22:29:41.702,UK080,,True,2026-04-17 22:29:41.702,False,80.0,False,2026-04-17,BLR → MAA
SJ124,SpiceJet,HYD,DEL,2026-04-17 21:05:41.702,2026-04-18 01:12:41.702,SJ124,,True,2026-04-18 01:12:41.702,True,247.0,False,2026-04-17,HYD → DEL
SJ115,SpiceJet,BOM,HYD,2026-04-17 21:05:41.702,2026-04-17 23:10:41.702,SJ115,,True,2026-04-17 23:10:41.702,False,125.0,False,2026-04-17,BOM → HYD
AI081,Air India,CCU,BOM,2026-04-17 21:03:41.702,2026-04-17 22:51:41.702,AI081,,True,2026-04-17 22:51:41.702,False,108.0,False,2026-04-17,CCU → BOM
AI142,Air India,BOM,DEL,2026-04-17 20:49:41.702,2026-04-17 23:03:41.702,AI142,,True,2026-04-17 23:03:41.702,False,134.0,False,2026-04-17,BOM → DEL
UK052,Vistara,BLR,CCU,2026-04-17 20:48:41.701,2026-04-17 21:40:41.701,UK052,,True,2026-04-17 21:40:41.701,False,52.0,False,2026-04-17,BLR → CCU
UK014,Vistara,HYD,MAA,2026-04-17 20:41:41.701,2026-04-17 22:06:41.701,UK014,,True,2026-04-17 22:06:41.701,False,85.0,False,2026-04-17,HYD → MAA
AI230,Unknown,CCU,BLR,2026-04-17 20:37:41.704,2026-04-18 00:22:41.704,AI230,,True,2026-04-18 00:22:41.704,True,225.0,False,2026-04-17,CCU → BLR
AI124,Air India,CCU,HYD,2026-04-17 20:28:41.702,2026-04-18 00:00:41.702,AI124,,True,2026-04-18 00:00:41.702,True,212.0,False,2026-04-17,CCU → HYD
SJ035,SpiceJet,CCU,DEL,2026-04-17 20:15:41.701,2026-04-17 21:15:42.000,SJ035,,True,2026-04-17 21:15:42.000,False,60.004983333333335,False,2026-04-17,CCU → DEL
SJ095,SpiceJet,DEL,MAA,2026-04-17 20:09:41.702,2026-04-17 23:13:41.702,SJ095,,True,2026-04-17 23:13:41.702,False,184.0,False,2026-04-17,DEL → MAA
UK230,Vistara,BLR,BOM,2026-04-17 20:02:41.704,2026-04-17 21:35:41.704,UK230,,True,2026-04-17 21:35:41.704,False,93.0,False,2026-04-17,BLR → BOM
UK171,Vistara,HYD,CCU,2026-04-17 19:59:41.703,2026-04-17 22:53:41.703,UK171,,True,2026-04-17 22:53:41.703,False,174.0,False,2026-04-17,HYD → CCU
SJ212,Unknown,MAA,BLR,2026-04-17 19:49:41.703,2026-04-17 21:44:41.703,SJ212,,True,2026-04-17 21:44:41.703,False,115.0,False,2026-04-17,MAA → BLR
UK049,Vistara,HYD,BOM,2026-04-17 19:47:41.701,2026-04-17 20:32:41.701,UK049,,True,2026-04-17 20:32:41.701,False,45.0,False,2026-04-17,HYD → BOM
UK049,Vistara,HYD,BOM,2026-04-17 19:47:41.701,2026-04-17 20:32:41.701,UK049,,True,2026-04-17 20:32:41.701,False,45.0,False,2026-04-17,HYD → BOM
AI152,Air India,BLR,CCU,2026-04-17 19:21:41.703,2026-04-17 20:26:41.703,AI152,,True,2026-04-17 20:26:41.703,False,65.0,False,2026-04-17,BLR → CCU
AI162,Air India,MAA,DEL,2026-04-17 19:20:41.703,2026-04-17 22:40:41.703,AI162,,True,2026-04-17 22:40:41.703,False,200.0,False,2026-04-17,MAA → DEL
SJ037,SpiceJet,BLR,BOM,2026-04-17 19:14:41.701,2026-04-17 22:31:41.701,SJ037,,True,2026-04-17 22:31:41.701,False,197.0,False,2026-04-17,BLR → BOM
SJ037,SpiceJet,BLR,BOM,2026-04-17 19:14:41.701,2026-04-17 22:31:41.701,SJ037,,True,2026-04-17 22:31:41.701,False,197.0,False,2026-04-17,BLR → BOM
AI172,Air India,BOM,CCU,2026-04-17 19:08:41.703,2026-04-17 19:53:41.703,AI172,,True,2026-04-17 19:53:41.703,False,45.0,False,2026-04-17,BOM → CCU
UK205,Vistara,HYD,MAA,2026-04-17 18:57:41.703,2026-04-17 21:46:41.703,UK205,,True,2026-04-17 21:46:41.703,False,169.0,False,2026-04-17,HYD → MAA
AI199,Air India,HYD,DEL,2026-04-17 18:47:41.703,2026-04-17 22:26:41.703,AI199,,True,2026-04-17 22:26:41.703,False,219.0,False,2026-04-17,HYD → DEL
SJ041,SpiceJet,CCU,HYD,2026-04-17 18:24:41.701,2026-04-17 22:59:41.701,SJ041,,True,2026-04-17 22:59:41.701,False,275.0,False,2026-04-17,CCU → HYD
AI064,Air India,BLR,MAA,2026-04-17 18:24:41.701,2026-04-17 20:07:41.701,AI064,,True,2026-04-17 20:07:41.701,False,103.0,False,2026-04-17,BLR → MAA
UK169,Vistara,HYD,DEL,2026-04-17 18:12:41.703,2026-04-17 23:01:41.703,UK169,,True,2026-04-17 23:01:41.703,False,289.0,False,2026-04-17,HYD → DEL
UK144,Vistara,BOM,CCU,2026-04-17 18:07:41.703,2026-04-17 20:59:41.703,UK144,,True,2026-04-17 20:59:41.703,False,172.0,False,2026-04-17,BOM → CCU
AI118,Air India,HYD,MAA,2026-04-17 17:50:41.702,2026-04-17 19:59:41.702,AI118,,True,2026-04-17 19:59:41.702,False,129.0,False,2026-04-17,HYD → MAA
SJ145,SpiceJet,BLR,HYD,2026-04-17 17:41:41.702,2026-04-17 20:38:41.702,SJ145,,True,2026-04-17 20:38:41.702,False,177.0,False,2026-04-17,BLR → HYD
SJ077,SpiceJet,BLR,MAA,2026-04-17 17:32:41.701,2026-04-17 19:40:41.701,SJ077,,True,2026-04-17 19:40:41.701,False,128.0,False,2026-04-17,BLR → MAA
AI126,Air India,MAA,HYD,2026-04-17 17:26:41.702,2026-04-17 20:48:41.702,AI126,,True,2026-04-17 20:48:41.702,False,202.0,False,2026-04-17,MAA → HYD
SJ033,SpiceJet,HYD,DEL,2026-04-17 17:26:41.701,2026-04-17 18:51:41.701,SJ033,,True,2026-04-17 18:51:41.701,False,85.0,False,2026-04-17,HYD → DEL
SJ180,SpiceJet,HYD,CCU,2026-04-17 17:12:41.703,2026-04-17 22:00:41.703,SJ180,,True,2026-04-17 22:00:41.703,False,288.0,False,2026-04-17,HYD → CCU
AI145,Unknown,DEL,BOM,2026-04-17 17:06:41.702,2026-04-17 21:31:41.702,AI145,,True,2026-04-17 21:31:41.702,False,265.0,False,2026-04-17,DEL → BOM
AI229,Air India,HYD,MAA,2026-04-17 16:48:41.703,2026-04-17 18:40:41.703,AI229,,True,2026-04-17 18:40:41.703,False,112.0,False,2026-04-17,HYD → MAA
SJ240,SpiceJet,BOM,HYD,2026-04-17 16:42:41.704,2026-04-17 20:21:41.704,SJ240,,True,2026-04-17 20:21:41.704,False,219.0,False,2026-04-17,BOM → HYD
SJ184,SpiceJet,CCU,DEL,2026-04-17 16:32:41.703,2026-04-17 21:00:41.703,SJ184,,True,2026-04-17 21:00:41.703,False,268.0,False,2026-04-17,CCU → DEL
AI087,Air India,MAA,DEL,2026-04-17 16:32:41.702,2026-04-17 20:30:41.702,AI087,,True,2026-04-17 20:30:41.702,False,238.0,False,2026-04-17,MAA → DEL
UK148,Vistara,HYD,BOM,2026-04-17 16:31:41.703,2026-04-17 18:43:41.703,UK148,,True,2026-04-17 18:43:41.703,False,132.0,False,2026-04-17,HYD → BOM
AI210,Air India,BLR,BOM,2026-04-17 16:13:41.703,2026-04-17 18:50:41.703,AI210,,True,2026-04-17 18:50:41.703,False,157.0,False,2026-04-17,BLR → BOM
SJ080,SpiceJet,CCU,MAA,2026-04-17 16:04:41.702,2026-04-17 17:59:41.702,SJ080,,True,2026-04-17 17:59:41.702,False,115.0,False,2026-04-17,CCU → MAA
SJ005,SpiceJet,DEL,MAA,2026-04-17 16:03:41.701,2026-04-17 17:24:41.701,SJ005,,True,2026-04-17 17:24:41.701,False,81.0,False,2026-04-17,DEL → MAA
AI212,Air India,DEL,CCU,2026-04-17 15:31:41.703,2026-04-17 20:13:41.703,AI212,,True,2026-04-17 20:13:41.703,False,282.0,False,2026-04-17,DEL → CCU
AI154,Air India,HYD,MAA,2026-04-17 15:25:41.703,2026-04-17 19:16:41.703,AI154,,True,2026-04-17 19:16:41.703,False,231.0,False,2026-04-17,HYD → MAA
UK199,Vistara,BOM,CCU,2026-04-17 15:24:41.703,2026-04-17 18:55:41.703,UK199,,True,2026-04-17 18:55:41.703,False,211.0,False,2026-04-17,BOM → CCU
UK106,Vistara,BOM,CCU,2026-04-17 15:12:41.702,2026-04-17 17:23:41.702,UK106,,True,2026-04-17 17:23:41.702,False,131.0,False,2026-04-17,BOM → CCU
UK030,Vistara,CCU,DEL,2026-04-17 15:11:41.701,2026-04-17 19:38:41.701,UK030,,True,2026-04-17 19:38:41.701,False,267.0,False,2026-04-17,CCU → DEL
AI184,Air India,BOM,CCU,2026-04-17 15:03:41.703,2026-04-17 17:03:42.000,AI184,,True,2026-04-17 17:03:42.000,False,120.00495,False,2026-04-17,BOM → CCU
SJ232,SpiceJet,MAA,BLR,2026-04-17 15:02:41.704,2026-04-17 19:22:41.704,SJ232,,True,2026-04-17 19:22:41.704,False,260.0,False,2026-04-17,MAA → BLR
AI153,Air India,BOM,CCU,2026-04-17 15:02:41.703,2026-04-17 16:30:41.703,AI153,,True,2026-04-17 16:30:41.703,False,88.0,False,2026-04-17,BOM → CCU
UK101,Vistara,DEL,HYD,2026-04-17 15:00:41.702,2026-04-17 17:43:41.702,UK101,,True,2026-04-17 17:43:41.702,False,163.0,False,2026-04-17,DEL → HYD
SJ197,SpiceJet,HYD,BLR,2026-04-17 14:49:41.703,2026-04-17 17:33:41.703,SJ197,,True,2026-04-17 17:33:41.703,False,164.0,False,2026-04-17,HYD → BLR
AI174,Air India,DEL,CCU,2026-04-17 14:45:41.703,2026-04-17 17:01:41.703,AI174,,True,2026-04-17 17:01:41.703,False,136.0,False,2026-04-17,DEL → CCU
UK090,Vistara,HYD,MAA,2026-04-17 14:44:41.702,2026-04-17 17:24:41.702,UK090,,True,2026-04-17 17:24:41.702,False,160.0,False,2026-04-17,HYD → MAA
UK124,Vistara,MAA,BLR,2026-04-17 14:35:41.702,2026-04-17 17:09:41.702,UK124,,True,2026-04-17 17:09:41.702,False,154.0,False,2026-04-17,MAA → BLR
AI239,Air India,BOM,HYD,2026-04-17 14:33:41.704,2026-04-17 17:47:41.704,AI239,,True,2026-04-17 17:47:41.704,False,194.0,False,2026-04-17,BOM → HYD
UK002,Vistara,CCU,MAA,2026-04-17 14:28:41.700,2026-04-17 19:20:41.700,UK002,,True,2026-04-17 19:20:41.700,False,292.0,False,2026-04-17,CCU → MAA
SJ055,SpiceJet,HYD,MAA,2026-04-17 14:17:41.701,2026-04-17 17:56:41.701,SJ055,,True,2026-04-17 17:56:41.701,False,219.0,False,2026-04-17,HYD → MAA
UK132,Vistara,BOM,DEL,2026-04-17 14:12:41.702,2026-04-17 16:19:41.702,UK132,,True,2026-04-17 16:19:41.702,False,127.0,False,2026-04-17,BOM → DEL
UK005,Vistara,BOM,MAA,2026-04-17 14:02:41.701,2026-04-17 18:14:41.701,UK005,,True,2026-04-17 18:14:41.701,False,252.0,False,2026-04-17,BOM → MAA
SJ244,SpiceJet,BLR,DEL,2026-04-17 13:51:41.704,2026-04-17 15:39:41.704,SJ244,,True,2026-04-17 15:39:41.704,False,108.0,False,2026-04-17,BLR → DEL
AI075,Air India,CCU,DEL,2026-04-17 13:51:41.702,2026-04-17 16:49:41.702,AI075,,True,2026-04-17 16:49:41.702,False,178.0,False,2026-04-17,CCU → DEL
AI160,Air India,MAA,DEL,2026-04-17 13:41:41.703,2026-04-17 17:01:41.703,AI160,,True,2026-04-17 17:01:41.703,False,200.0,False,2026-04-17,MAA → DEL
UK091,Vistara,CCU,BOM,2026-04-17 13:37:41.702,2026-04-17 17:31:41.702,UK091,,True,2026-04-17 17:31:41.702,False,234.0,False,2026-04-17,CCU → BOM
UK195,Vistara,HYD,BOM,2026-04-17 13:35:41.703,2026-04-17 16:35:41.703,UK195,,True,2026-04-17 16:35:41.703,False,180.0,False,2026-04-17,HYD → BOM
SJ092,SpiceJet,BLR,MAA,2026-04-17 13:19:41.702,2026-04-17 17:56:41.702,SJ092,,True,2026-04-17 17:56:41.702,False,277.0,False,2026-04-17,BLR → MAA
AI119,Air India,MAA,BLR,2026-04-17 13:15:41.702,2026-04-17 15:57:41.702,AI119,,True,2026-04-17 15:57:41.702,False,162.0,False,2026-04-17,MAA → BLR
AI151,Air India,MAA,HYD,2026-04-17 13:14:41.703,2026-04-17 14:10:41.703,AI151,,True,2026-04-17 14:10:41.703,False,56.0,False,2026-04-17,MAA → HYD
UK107,Vistara,HYD,BOM,2026-04-17 13:09:41.702,2026-04-17 14:25:41.702,UK107,,True,2026-04-17 14:25:41.702,False,76.0,False,2026-04-17,HYD → BOM
SJ019,SpiceJet,BLR,DEL,2026-04-17 13:07:41.701,2026-04-17 15:56:41.701,SJ019,,True,2026-04-17 15:56:41.701,False,169.0,False,2026-04-17,BLR → DEL
AI052,Air India,CCU,MAA,2026-04-17 13:06:41.701,2026-04-17 15:42:41.701,AI052,,True,2026-04-17 15:42:41.701,False,156.0,False,2026-04-17,CCU → MAA
SJ177,SpiceJet,BOM,CCU,2026-04-17 13:04:41.703,2026-04-17 17:37:41.703,SJ177,,True,2026-04-17 17:37:41.703,False,273.0,False,2026-04-17,BOM → CCU
AI223,Air India,BOM,CCU,2026-04-17 12:53:41.703,2026-04-17 14:42:41.703,AI223,,True,2026-04-17 14:42:41.703,False,109.0,False,2026-04-17,BOM → CCU
SJ069,SpiceJet,HYD,BLR,2026-04-17 12:53:41.701,2026-04-17 14:17:41.701,SJ069,,True,2026-04-17 14:17:41.701,False,84.0,False,2026-04-17,HYD → BLR
AI093,Air India,BOM,BLR,2026-04-17 12:35:41.702,2026-04-17 17:28:41.702,AI093,,True,2026-04-17 17:28:41.702,False,293.0,False,2026-04-17,BOM → BLR
UK062,Vistara,HYD,DEL,2026-04-17 12:33:41.701,2026-04-17 15:35:41.701,UK062,,True,2026-04-17 15:35:41.701,False,182.0,False,2026-04-17,HYD → DEL
UK064,Vistara,BOM,DEL,2026-04-17 12:25:41.701,2026-04-17 14:55:41.701,UK064,,True,2026-04-17 14:55:41.701,False,150.0,False,2026-04-17,BOM → DEL
